subject,birthdate,deathdate,age_at_death,species,sex,social_environment,housing,diet,measurement,measurements,y0,y1,y2,y3,y4,y5,y6,y7,y8,y9,y10,y11,y12,y13,y14,y15,y16,y17,y18,y19,y20,y21,y22,y23,y24,y25,y26,y27,y28,y29,y30,y31,y32,y33,y34,y35,y36,y37,y38,y39,y40,y41,y42,y43,y44,y45,y46,y47,y48,y49,y50,y51,y52,y53,y54,y55,y56,y57,y58,y59,y60,y61,y62,y63,y64,y65,y66,y67,y68,y69,y70
DL-cm-11,1985-07-23,2004-01-11,18.47,Fat-tailed Dwarf Lemur,Female,Mixed,Inside,Chow,Eosinophils-Abs,1,,,,,,,,70,,,,,,,,,,,,,,,,,,,,,,,,,,,,,,,,,,,,,,,,,,,,,,,,,,,,,,,,,,,,,,,
DL-cm-14,1985-08-07,1998-09-22,13.12,Fat-tailed Dwarf Lemur,Female,Mixed,Inside,Chow,Eosinophils-Abs,1,,,,,,,,237,,,,,,,,,,,,,,,,,,,,,,,,,,,,,,,,,,,,,,,,,,,,,,,,,,,,,,,,,,,,,,,
DL-cm-15,1988-08-10,2010-11-16,22.27,Fat-tailed Dwarf Lemur,Female,Mixed,Inside,Chow,Eosinophils-Abs,1,,,,,,,,,,,,,,,,,,,,,,0,,,,,,,,,,,,,,,,,,,,,,,,,,,,,,,,,,,,,,,,,,,,,,,,,
DL-cm-22,2001-07-01,,,Fat-tailed Dwarf Lemur,Female,Mixed,Inside,Chow,Eosinophils-Abs,1,,,,,,,,,,496,,,,,,,,,,,,,,,,,,,,,,,,,,,,,,,,,,,,,,,,,,,,,,,,,,,,,,,,,,,,,
DL-cm-23,2002-07-01,,,Fat-tailed Dwarf Lemur,Female,Mixed,Inside,Chow,Eosinophils-Abs,2,,,,,,,,,,,,,0,222,,,,,,,,,,,,,,,,,,,,,,,,,,,,,,,,,,,,,,,,,,,,,,,,,,,,,,,,,
DL-cm-37,1985-07-14,2002-04-28,16.79,Fat-tailed Dwarf Lemur,Male,Mixed,Inside,Chow,Eosinophils-Abs,1,,,,,,,,,58,,,,,,,,,,,,,,,,,,,,,,,,,,,,,,,,,,,,,,,,,,,,,,,,,,,,,,,,,,,,,,
DL-cm-44,1986-07-11,2005-02-09,18.58,Fat-tailed Dwarf Lemur,Male,Mixed,Inside,Chow,Eosinophils-Abs,1,,,,,,,,,,,,,,,,200,,,,,,,,,,,,,,,,,,,,,,,,,,,,,,,,,,,,,,,,,,,,,,,,,,,,,,,
DL-cm-51,2001-07-01,2019-03-15,17.71,Fat-tailed Dwarf Lemur,Male,Mixed,Inside,Chow,Eosinophils-Abs,1,,,,,,,,,,,,,,,,0,,,,,,,,,,,,,,,,,,,,,,,,,,,,,,,,,,,,,,,,,,,,,,,,,,,,,,,
DL-cm-8,1984-06-17,2004-12-09,20.48,Fat-tailed Dwarf Lemur,Female,Mixed,Inside,Chow,Eosinophils-Abs,1,,,,,,,,,,93,,,,,,,,,,,,,,,,,,,,,,,,,,,,,,,,,,,,,,,,,,,,,,,,,,,,,,,,,,,,,
DL-cm-9,1984-08-11,2004-05-03,19.73,Fat-tailed Dwarf Lemur,Female,Mixed,Inside,Chow,Eosinophils-Abs,1,,,,,,,,,546,,,,,,,,,,,,,,,,,,,,,,,,,,,,,,,,,,,,,,,,,,,,,,,,,,,,,,,,,,,,,,
DL-Dm-10,2005-02-22,,,Aye-aye,Male,Mixed,Inside,Chow,Eosinophils-Abs,3,,530,,0,,0,,,,,,,,,,,,,,,,,,,,,,,,,,,,,,,,,,,,,,,,,,,,,,,,,,,,,,,,,,,,,,,,,
DL-Dm-11,2008-07-23,2016-05-11,7.80,Aye-aye,Male,Mixed,Inside,Chow,Eosinophils-Abs,3,,0,777,,0,,,,,,,,,,,,,,,,,,,,,,,,,,,,,,,,,,,,,,,,,,,,,,,,,,,,,,,,,,,,,,,,,,
DL-Dm-12,2009-04-03,2016-10-25,7.56,Aye-aye,Male,Mixed,Inside,Chow,Eosinophils-Abs,2,,,164,,,,183,,,,,,,,,,,,,,,,,,,,,,,,,,,,,,,,,,,,,,,,,,,,,,,,,,,,,,,,,,,,,,,,
DL-Dm-13,1993-10-08,1998-12-20,5.20,Aye-aye,Female,Mixed,Inside,Chow,Eosinophils-Abs,6,0,250.5,,,,0,,,,,,,,,,,,,,,,,,,,,,,,,,,,,,,,,,,,,,,,,,,,,,,,,,,,,,,,,,,,,,,,,
DL-Dm-14,1996-04-15,,,Aye-aye,Female,Mixed,Inside,Chow,Eosinophils-Abs,12,,,,82,,0,524,,630,,0,,,0,,,128,,127,,140,,446.5,,,,,,,,,,,,,,,,,,,,,,,,,,,,,,,,,,,,,,,,,,,,,,,,
DL-Dm-15,1998-01-06,,,Aye-aye,Female,Mixed,Inside,Chow,Eosinophils-Abs,7,,,,432,,,,0,,,0,,168,,360,,,131,,,,123,,,,,,,,,,,,,,,,,,,,,,,,,,,,,,,,,,,,,,,,,,,,,,,,,
DL-Dm-16,2001-07-30,,,Aye-aye,Female,Mixed,Inside,Chow,Eosinophils-Abs,7,,,,0,,0,0,,387,,86,,,,0,111,,,,,,,,,,,,,,,,,,,,,,,,,,,,,,,,,,,,,,,,,,,,,,,,,,,,,,,
DL-Dm-17,2001-09-05,,,Aye-aye,Female,Mixed,Inside,Chow,Eosinophils-Abs,2,,,,0,,,94,,,,,,,,,,,,,,,,,,,,,,,,,,,,,,,,,,,,,,,,,,,,,,,,,,,,,,,,,,,,,,,,
DL-Dm-18,2003-10-14,,,Aye-aye,Female,Mixed,Inside,Chow,Eosinophils-Abs,7,,,0,,,0,,,0,,,,140,497.2,,175.5,,,,,,,,,,,,,,,,,,,,,,,,,,,,,,,,,,,,,,,,,,,,,,,,,,,,,,,
DL-Dm-19,2004-09-10,,,Aye-aye,Female,Mixed,Inside,Chow,Eosinophils-Abs,2,,0,,,,0,,,,,,,,,,,,,,,,,,,,,,,,,,,,,,,,,,,,,,,,,,,,,,,,,,,,,,,,,,,,,,,,,
DL-Dm-2,1992-10-23,1998-02-05,5.29,Aye-aye,Male,Mixed,Inside,Chow,Eosinophils-Abs,7,0,375,115.5,,,,,,,,,,,,,,,,,,,,,,,,,,,,,,,,,,,,,,,,,,,,,,,,,,,,,,,,,,,,,,,,,,,,
DL-Dm-20,2005-09-05,2016-10-26,11.14,Aye-aye,Female,Mixed,Inside,Chow,Eosinophils-Abs,7,,0,0,,,91,,53.9,,0,0,,,,,,,,,,,,,,,,,,,,,,,,,,,,,,,,,,,,,,,,,,,,,,,,,,,,,,,,,,,,
DL-Dm-21,2005-12-30,,,Aye-aye,Female,Mixed,Inside,Chow,Eosinophils-Abs,4,195,,0,0,,,,,,,,,,0,,,,,,,,,,,,,,,,,,,,,,,,,,,,,,,,,,,,,,,,,,,,,,,,,,,,,,,,,
DL-Dm-22,2007-08-21,,,Aye-aye,Female,Mixed,Inside,Chow,Eosinophils-Abs,4,0,,,130,,0,,0,,,,,,,,,,,,,,,,,,,,,,,,,,,,,,,,,,,,,,,,,,,,,,,,,,,,,,,,,,,,,,,
DL-Dm-3,1994-06-05,2016-10-25,22.39,Aye-aye,Male,Mixed,Inside,Chow,Eosinophils-Abs,16,0,61.5,,0,,,,,0,,,,,0,,,,,,0,,150,,,,,,,,,,,,,,,,,,,,,,,,,,,,,,,,,,,,,,,,,,,,,,,,,
DL-Dm-4,1994-08-25,,,Aye-aye,Male,Mixed,Inside,Chow,Eosinophils-Abs,15,0,369.5,258,,,,,,0,,,0,0,,,,,,,,,,,,,,,,,,,,,,,,,,,,,,,,,,,,,,,,,,,,,,,,,,,,,,,,,,
DL-Dm-5,1998-02-08,2008-11-13,10.76,Aye-aye,Male,Mixed,Inside,Chow,Eosinophils-Abs,5,,0,,0,,,240,,134,,113,,,,,,,,,,,,,,,,,,,,,,,,,,,,,,,,,,,,,,,,,,,,,,,,,,,,,,,,,,,,
DL-Dm-6,1998-06-16,,,Aye-aye,Male,Mixed,Inside,Chow,Eosinophils-Abs,7,,0,0,0,,,0,,0,0,,,,,,,,,,,,0,,,,,,,,,,,,,,,,,,,,,,,,,,,,,,,,,,,,,,,,,,,,,,,,,
DL-Dm-7,2001-01-07,,,Aye-aye,Male,Mixed,Inside,Chow,Eosinophils-Abs,3,,,0,,,,,,337.5,,,,,,,,,,,,,,,,,,,,,,,,,,,,,,,,,,,,,,,,,,,,,,,,,,,,,,,,,,,,,,
DL-Dm-8,2001-10-25,2015-01-19,13.24,Aye-aye,Male,Mixed,Inside,Chow,Eosinophils-Abs,3,,,,378,,141,0,,,,,,,,,,,,,,,,,,,,,,,,,,,,,,,,,,,,,,,,,,,,,,,,,,,,,,,,,,,,,,,,
DL-Dm-9,2003-09-26,2016-03-29,12.51,Aye-aye,Male,Mixed,Inside,Chow,Eosinophils-Abs,4,,,0,,137,,,,,,,,74,,,,,,,,,,,,,,,,,,,,,,,,,,,,,,,,,,,,,,,,,,,,,,,,,,,,,,,,,,
DL-ec-1,1977-07-18,2003-04-11,25.73,Crowned lemur,Female,Mixed,Mixed,Chow,Eosinophils-Abs,4,,,,,,,,,,,,,,,,,,0,47,,,,,,100,78,,,,,,,,,,,,,,,,,,,,,,,,,,,,,,,,,,,,,,,,,,,,,
DL-ec-10,1996-05-01,2019-09-24,23.40,Crowned lemur,Female,Mixed,Mixed,Chow,Eosinophils-Abs,1,,,,,0,,,,,,,,,,,,,,,,,,,,,,,,,,,,,,,,,,,,,,,,,,,,,,,,,,,,,,,,,,,,,,,,,,
DL-ec-11,1980-04-28,1997-02-23,16.82,Crowned lemur,Male,Mixed,Mixed,Chow,Eosinophils-Abs,1,,,,,,,,,,,,,,100,,,,,,,,,,,,,,,,,,,,,,,,,,,,,,,,,,,,,,,,,,,,,,,,,,,,,,,,,
DL-ec-12,1988-05-18,2001-01-31,12.70,Crowned lemur,Male,Mixed,Mixed,Chow,Eosinophils-Abs,1,,,,,,,,116,,,,,,,,,,,,,,,,,,,,,,,,,,,,,,,,,,,,,,,,,,,,,,,,,,,,,,,,,,,,,,,
DL-ec-13,1989-04-17,2004-12-07,15.64,Crowned lemur,Male,Mixed,Mixed,Chow,Eosinophils-Abs,6,,,,,141,68,,,,,,0,0,,68,,,,,,,,,,,,,,,,,,,,,,,,,,,,,,,,,,,,,,,,,,,,,,,,,,,,,,,,
DL-ec-14,1990-04-18,2019-12-20,29.67,Crowned lemur,Male,Mixed,Mixed,Chow,Eosinophils-Abs,5,,,,,,0,,,,,,,80,0,,,,,,,124,,282,,,,,,,,,,,,,,,,,,,,,,,,,,,,,,,,,,,,,,,,,,,,,,,,
DL-ec-15,1991-05-13,1997-09-14,6.34,Crowned lemur,Male,Mixed,Mixed,Chow,Eosinophils-Abs,2,,,,,30,114,,,,,,,,,,,,,,,,,,,,,,,,,,,,,,,,,,,,,,,,,,,,,,,,,,,,,,,,,,,,,,,,,
DL-ec-16,1992-04-06,2018-10-25,26.55,Crowned lemur,Male,Mixed,Mixed,Chow,Eosinophils-Abs,8,,,,126,,,,,,144,,40,,,135,,165,,,124,,,516,510,,,,,,,,,,,,,,,,,,,,,,,,,,,,,,,,,,,,,,,,,,,,,,,
DL-ec-17,1992-05-15,2017-10-30,25.46,Crowned lemur,Male,Mixed,Mixed,Chow,Eosinophils-Abs,3,,,,73,184.5,,,,,,,,,,,,,,,,,,,,,,,,,,,,,,,,,,,,,,,,,,,,,,,,,,,,,,,,,,,,,,,,,,
DL-ec-18,1994-05-05,2019-02-01,24.74,Crowned lemur,Male,Mixed,Mixed,Chow,Eosinophils-Abs,2,,177,0,,,,,,,,,,,,,,,,,,,,,,,,,,,,,,,,,,,,,,,,,,,,,,,,,,,,,,,,,,,,,,,,,,,,
DL-ec-19,1995-05-03,2015-04-20,19.96,Crowned lemur,Male,Mixed,Mixed,Chow,Eosinophils-Abs,1,,,,0,,,,,,,,,,,,,,,,,,,,,,,,,,,,,,,,,,,,,,,,,,,,,,,,,,,,,,,,,,,,,,,,,,,
DL-ec-2,1984-05-29,2011-10-24,27.40,Crowned lemur,Female,Mixed,Mixed,Chow,Eosinophils-Abs,7,,,,,,,,,,,,35,,,,,,57,,,,62,,,,0,,,,,,,,,,,,,,,,,,,,,,,,,,,,,,,,,,,,,,,,,,,,,
DL-ec-20,1995-05-03,2014-06-03,19.08,Crowned lemur,Male,Mixed,Mixed,Chow,Eosinophils-Abs,7,,,,,,,0,0,0,,,87,61,,685,,,0,,,,,,,,,,,,,,,,,,,,,,,,,,,,,,,,,,,,,,,,,,,,,,,,,,,,,
DL-ec-21,1996-05-01,2007-07-14,11.20,Crowned lemur,Male,Mixed,Mixed,Chow,Eosinophils-Abs,3,,,,,,41,,30,,,80,,,,,,,,,,,,,,,,,,,,,,,,,,,,,,,,,,,,,,,,,,,,,,,,,,,,,,,,,,,,
DL-ec-22,2002-04-15,,,Crowned lemur,Female,Mixed,Mixed,Chow,Eosinophils-Abs,4,,,,,,,,,,297,,196,,626,,,,,,,,,,,,,,,,,,,,,,,,,,,,,,,,,,,,,,,,,,,,,,,,,,,,,,,,,
DL-ec-3,1987-05-01,2013-10-29,26.49,Crowned lemur,Female,Mixed,Mixed,Chow,Eosinophils-Abs,7,,,,,,,,270,0,,,41,,,0,,70,,,,,36,,87,,,,,,,,,,,,,,,,,,,,,,,,,,,,,,,,,,,,,,,,,,,,,,,
DL-ec-4,1990-04-11,2014-02-25,23.87,Crowned lemur,Female,Mixed,Mixed,Chow,Eosinophils-Abs,6,,,,,,,,,,,,0,102,,,,118,,61,0,,276,,,,,,,,,,,,,,,,,,,,,,,,,,,,,,,,,,,,,,,,,,,,,,,,,
DL-ec-5,1991-05-21,2005-10-31,14.44,Crowned lemur,Female,Mixed,Mixed,Chow,Eosinophils-Abs,5,,,184,,176,,,,,,,0,186,,,,,,,,,,,,,,,,,,,,,,,,,,,,,,,,,,,,,,,,,,,,,,,,,,,,,,,,,,
DL-ec-6,1991-06-04,2008-05-29,16.99,Crowned lemur,Female,Mixed,Mixed,Chow,Eosinophils-Abs,4,,,,,,900,,,,,,124,318,,,134,,,,,,,,,,,,,,,,,,,,,,,,,,,,,,,,,,,,,,,,,,,,,,,,,,,,,,,
DL-ec-7,1992-04-06,1999-01-22,6.79,Crowned lemur,Female,Mixed,Mixed,Chow,Eosinophils-Abs,2,,,,660,0,,,,,,,,,,,,,,,,,,,,,,,,,,,,,,,,,,,,,,,,,,,,,,,,,,,,,,,,,,,,,,,,,,
DL-ec-8,1994-05-30,2018-02-10,23.70,Crowned lemur,Female,Mixed,Mixed,Chow,Eosinophils-Abs,2,,58,256,,,,,,,,,,,,,,,,,,,,,,,,,,,,,,,,,,,,,,,,,,,,,,,,,,,,,,,,,,,,,,,,,,,,
DL-ec-9,1995-04-30,2019-12-12,24.62,Crowned lemur,Female,Mixed,Mixed,Chow,Eosinophils-Abs,4,,,,,,,54,,34,,,136,,0,,,,,,,,,,,,,,,,,,,,,,,,,,,,,,,,,,,,,,,,,,,,,,,,,,,,,,,,,
DL-em-1,1974-04-09,1997-09-28,23.47,Mongoose Lemur,Female,Mixed,Mixed,Chow,Eosinophils-Abs,2,,,,,,,,,,,,,,,,,,,,75,882,,,,,,,,,,,,,,,,,,,,,,,,,,,,,,,,,,,,,,,,,,,,,,,,,,
DL-em-10,1991-06-13,2016-04-12,24.83,Mongoose Lemur,Female,Mixed,Mixed,Chow,Eosinophils-Abs,1,,320,,,,,,,,,,,,,,,,,,,,,,,,,,,,,,,,,,,,,,,,,,,,,,,,,,,,,,,,,,,,,,,,,,,,,
DL-em-11,1991-06-17,,,Mongoose Lemur,Female,Mixed,Mixed,Chow,Eosinophils-Abs,1,,142,,,,,,,,,,,,,,,,,,,,,,,,,,,,,,,,,,,,,,,,,,,,,,,,,,,,,,,,,,,,,,,,,,,,,
DL-em-12,1992-03-26,2005-04-04,13.02,Mongoose Lemur,Female,Mixed,Mixed,Chow,Eosinophils-Abs,2,,,0,,,,,,,,,0,,,,,,,,,,,,,,,,,,,,,,,,,,,,,,,,,,,,,,,,,,,,,,,,,,,,,,,,,,,
DL-em-13,1971-05-04,1997-12-05,26.59,Mongoose Lemur,Female,Mixed,Mixed,Chow,Eosinophils-Abs,1,,,,,,,,,,,,,,,,,,,,,,,770,,,,,,,,,,,,,,,,,,,,,,,,,,,,,,,,,,,,,,,,,,,,,,,,
DL-em-14,1994-06-15,2020-04-16,25.84,Mongoose Lemur,Female,Mixed,Mixed,Chow,Eosinophils-Abs,1,,,,,,,0,,,,,,,,,,,,,,,,,,,,,,,,,,,,,,,,,,,,,,,,,,,,,,,,,,,,,,,,,,,,,,,,
DL-em-15,1991-06-15,,,Mongoose Lemur,Female,Mixed,Mixed,Chow,Eosinophils-Abs,1,,,,0,,,,,,,,,,,,,,,,,,,,,,,,,,,,,,,,,,,,,,,,,,,,,,,,,,,,,,,,,,,,,,,,,,,
DL-em-16,1995-04-09,,,Mongoose Lemur,Female,Mixed,Mixed,Chow,Eosinophils-Abs,2,,,,,,,,,,54,,36,,,,,,,,,,,,,,,,,,,,,,,,,,,,,,,,,,,,,,,,,,,,,,,,,,,,,,,,,,,
DL-em-17,1995-05-26,2014-11-26,19.50,Mongoose Lemur,Female,Mixed,Mixed,Chow,Eosinophils-Abs,6,,,,,,,,312,0,,,130,564,,186,,62,,,,,,,,,,,,,,,,,,,,,,,,,,,,,,,,,,,,,,,,,,,,,,,,,,,,,,
DL-em-19,1997-03-21,,,Mongoose Lemur,Female,Mixed,Mixed,Chow,Eosinophils-Abs,5,,,,354,,,318,,,159,213,,,,,,,,,,,,,,,,,,,,,,,,,,,,,,,,,,,,,,,,,,,,,,,,,,,,,,,,,,,,
DL-em-2,1982-09-01,1995-02-22,12.47,Mongoose Lemur,Female,Mixed,Mixed,Chow,Eosinophils-Abs,1,,,,,,,,,,291,,,,,,,,,,,,,,,,,,,,,,,,,,,,,,,,,,,,,,,,,,,,,,,,,,,,,,,,,,,,,
DL-em-20,1997-06-11,,,Mongoose Lemur,Female,Mixed,Mixed,Chow,Eosinophils-Abs,10,,,,,65,,,212,,82.5,465,,0,,,,,,,,,,,,,,,,,,,,,,,,,,,,,,,,,,,,,,,,,,,,,,,,,,,,,,,,,,
DL-em-21,2006-06-02,,,Mongoose Lemur,Female,Mixed,Mixed,Chow,Eosinophils-Abs,5,,,,449.5,630,,0,,,153,,,,,,,,,,,,,,,,,,,,,,,,,,,,,,,,,,,,,,,,,,,,,,,,,,,,,,,,,,,,,
DL-em-22,1976-05-15,2007-02-14,30.75,Mongoose Lemur,Male,Mixed,Mixed,Chow,Eosinophils-Abs,5,,,,,,,,,,,,,,,,,,,0,,,,,,0,,48,,0,,50,,,,,,,,,,,,,,,,,,,,,,,,,,,,,,,,,,,,,,,,
DL-em-23,1982-09-01,2012-12-14,30.29,Mongoose Lemur,Male,Mixed,Mixed,Chow,Eosinophils-Abs,8,,,,,,,,,,,,,213,,,,,,,190,408,,,,0,0,,49.5,,,0,,,,,,,,,,,,,,,,,,,,,,,,,,,,,,,,,,,,,,,,
DL-em-24,1983-11-17,2017-07-14,33.66,Mongoose Lemur,Male,Mixed,Mixed,Chow,Eosinophils-Abs,4,,,,,,,,,,440,,,,,,,,,31,,126,,150,,,,,,,,,,,,,,,,,,,,,,,,,,,,,,,,,,,,,,,,,,,,,,,,
DL-em-26,1985-06-21,2003-11-22,18.42,Mongoose Lemur,Male,Mixed,Mixed,Chow,Eosinophils-Abs,2,,,,,,,,,,92,,,,,,0,,,,,,,,,,,,,,,,,,,,,,,,,,,,,,,,,,,,,,,,,,,,,,,,,,,,,,,
DL-em-27,1986-04-04,2017-01-30,30.82,Mongoose Lemur,Male,Mixed,Mixed,Chow,Eosinophils-Abs,3,,,,,,,300,,123,,,,176,,,,,,,,,,,,,,,,,,,,,,,,,,,,,,,,,,,,,,,,,,,,,,,,,,,,,,,,,,
DL-em-3,1984-10-15,2011-06-18,26.67,Mongoose Lemur,Female,Mixed,Mixed,Chow,Eosinophils-Abs,9,,,,,,,,,,,512,,,,,,,68,0,,,,75,51.5,18.5,96,,,,,,,,,,,,,,,,,,,,,,,,,,,,,,,,,,,,,,,,,,,,,
DL-em-30,1990-03-19,2020-05-03,30.12,Mongoose Lemur,Male,Mixed,Mixed,Chow,Eosinophils-Abs,11,,,,,96,,,,,,,,0,,39,,42,,,58,50,,340,,98,315,,,,,,,,,,,,,,,,,,,,,,,,,,,,,,,,,,,,,,,,,,,,,
DL-em-31,1990-06-17,,,Mongoose Lemur,Male,Mixed,Mixed,Chow,Eosinophils-Abs,9,,,,159.5,,,,,,,,,,,,132,,0,,241,,117,,,306,,,,0,,,,,,,,,,,,,,,,,,,,,,,,,,,,,,,,,,,,,,,,,,
DL-em-32,1991-05-10,2012-11-14,21.51,Mongoose Lemur,Male,Mixed,Mixed,Chow,Eosinophils-Abs,5,344,,,0,,,,,,,,152,285,,,,126,,,,,,,,,,,,,,,,,,,,,,,,,,,,,,,,,,,,,,,,,,,,,,,,,,,,,,
DL-em-33,1993-04-11,,,Mongoose Lemur,Male,Mixed,Mixed,Chow,Eosinophils-Abs,6,,0,,,,,,,,72,,138,,0,,43,414,,,,,,,,,,,,,,,,,,,,,,,,,,,,,,,,,,,,,,,,,,,,,,,,,,,,,,
DL-em-34,1993-05-11,2020-03-20,26.86,Mongoose Lemur,Male,Mixed,Mixed,Chow,Eosinophils-Abs,5,,496,,,,,,,51,,120,,92,,46,,,,,,,,,,,,,,,,,,,,,,,,,,,,,,,,,,,,,,,,,,,,,,,,,,,,,,,,
DL-em-35,1995-05-19,,,Mongoose Lemur,Male,Mixed,Mixed,Chow,Eosinophils-Abs,4,,,,,,,,66,,189,132,,316,,,,,,,,,,,,,,,,,,,,,,,,,,,,,,,,,,,,,,,,,,,,,,,,,,,,,,,,,,
DL-em-37,1996-04-22,,,Mongoose Lemur,Male,Mixed,Mixed,Chow,Eosinophils-Abs,5,,,,,,50,,152,,,0,,144,,,,196,,,,,,,,,,,,,,,,,,,,,,,,,,,,,,,,,,,,,,,,,,,,,,,,,,,,,,
DL-em-38,1997-04-18,,,Mongoose Lemur,Male,Mixed,Mixed,Chow,Eosinophils-Abs,6,,,,,,,,210,,50,,53,,,,,,,,,,,,,,,,,,,,,,,,,,,,,,,,,,,,,,,,,,,,,,,,,,,,,,,,,,,
DL-em-39,1997-06-26,2017-04-05,19.77,Mongoose Lemur,Male,Mixed,Mixed,Chow,Eosinophils-Abs,13,,,,,,0,,44,,68,,,0,,,,170,,,,,,,,,,,,,,,,,,,,,,,,,,,,,,,,,,,,,,,,,,,,,,,,,,,,,,
DL-em-4,1986-04-04,2018-05-21,32.13,Mongoose Lemur,Female,Mixed,Mixed,Chow,Eosinophils-Abs,5,,,,,,,,,621,,,,,,,,300,,,,40,,,440,,,,,,,,,,,,,,,,,,,,,,,,,,,,,,,,,,,,,,,,,,,,,,,
DL-em-40,1988-04-15,2018-08-11,30.32,Mongoose Lemur,Male,Mixed,Mixed,Chow,Eosinophils-Abs,7,,,,,,,,,,,,,,,0,53,,,88,,216,495,,,,,,,,,,,,,,,,,,,,,,,,,,,,,,,,,,,,,,,,,,,,,,,,,
DL-em-41,1984-04-12,1995-12-24,11.70,Mongoose Lemur,Female,Mixed,Mixed,Chow,Eosinophils-Abs,1,,,,,,,,,,,0,,,,,,,,,,,,,,,,,,,,,,,,,,,,,,,,,,,,,,,,,,,,,,,,,,,,,,,,,,,,
DL-em-43,1988-04-15,2019-02-08,30.81,Mongoose Lemur,Male,Mixed,Mixed,Chow,Eosinophils-Abs,1,,,,,,549,,,,,,,,,,,,,,,,,,,,,,,,,,,,,,,,,,,,,,,,,,,,,,,,,,,,,,,,,,,,,,,,,
DL-em-5,1986-05-20,2015-12-14,29.57,Mongoose Lemur,Female,Mixed,Mixed,Chow,Eosinophils-Abs,6,,,,,,,,,1248,,,,,,,,55,,240,,58,46,102,,,,,,,,,,,,,,,,,,,,,,,,,,,,,,,,,,,,,,,,,,,,,,,,
DL-em-6,1988-04-02,2001-01-10,12.77,Mongoose Lemur,Female,Mixed,Mixed,Chow,Eosinophils-Abs,1,,,,,78,,,,,,,,,,,,,,,,,,,,,,,,,,,,,,,,,,,,,,,,,,,,,,,,,,,,,,,,,,,,,,,,,,
DL-em-7,1988-05-06,1998-11-30,10.57,Mongoose Lemur,Female,Mixed,Mixed,Chow,Eosinophils-Abs,1,,,,,285,,,,,,,,,,,,,,,,,,,,,,,,,,,,,,,,,,,,,,,,,,,,,,,,,,,,,,,,,,,,,,,,,,
DL-em-8,1987-05-13,2014-10-04,27.39,Mongoose Lemur,Female,Mixed,Mixed,Chow,Eosinophils-Abs,8,,,,,,,,900,,,,,,,252,350,,,,50,,37,,320,,0,,0,,,,,,,,,,,,,,,,,,,,,,,,,,,,,,,,,,,,,,,,,,,
DL-er-1,1988-04-21,,,Red-bellied Lemur,Female,Mixed,Mixed,Chow,Eosinophils-Abs,10,,,,,,,,630,531,,,,,,,,,,,40,297,,,1400,,0,,228,,258,94,,,,,,,,,,,,,,,,,,,,,,,,,,,,,,,,,,,,,,,,
DL-er-10,1992-05-25,2006-12-15,14.56,Red-bellied Lemur,Male,Mixed,Mixed,Chow,Eosinophils-Abs,3,,,0,179,,,,,,,,,,,,,,,,,,,,,,,,,,,,,,,,,,,,,,,,,,,,,,,,,,,,,,,,,,,,,,,,,,,
DL-er-11,1993-09-10,2010-04-29,16.64,Red-bellied Lemur,Male,Mixed,Mixed,Chow,Eosinophils-Abs,6,,354,,267.5,,213,,,26,,,,45,,,,,,,,,,,,,,,,,,,,,,,,,,,,,,,,,,,,,,,,,,,,,,,,,,,,,,,,,,
DL-er-2,1990-03-01,2015-08-25,25.48,Red-bellied Lemur,Female,Mixed,Mixed,Chow,Eosinophils-Abs,7,,,,0,426,110,,,,,,,,,,78,136,,,,,,,408,,865,,,,,,,,,,,,,,,,,,,,,,,,,,,,,,,,,,,,,,,,,,,,,
DL-er-3,1992-04-21,2005-07-09,13.22,Red-bellied Lemur,Female,Mixed,Mixed,Chow,Eosinophils-Abs,2,,,,360,1440,,,,,,,,,,,,,,,,,,,,,,,,,,,,,,,,,,,,,,,,,,,,,,,,,,,,,,,,,,,,,,,,,,
DL-er-4,1994-06-03,2016-10-03,22.33,Red-bellied Lemur,Female,Mixed,Mixed,Chow,Eosinophils-Abs,3,,272,,,,,,288,0,,,,,,,,,,,,,,,,,,,,,,,,,,,,,,,,,,,,,,,,,,,,,,,,,,,,,,,,,,,,,,
DL-er-5,1995-04-07,2015-06-16,20.19,Red-bellied Lemur,Female,Mixed,Mixed,Chow,Eosinophils-Abs,6,,,,,,,,,0,1,93,,,575,,97,,86,,,,,,,,,,,,,,,,,,,,,,,,,,,,,,,,,,,,,,,,,,,,,,,,,,,,,
DL-er-6,1986-06-12,2015-09-08,29.24,Red-bellied Lemur,Male,Mixed,Mixed,Chow,Eosinophils-Abs,9,,,,,,,,0,0,,,,0,,,,0,82,,114,,,166,,292,,0,,,,,,,,,,,,,,,,,,,,,,,,,,,,,,,,,,,,,,,,,,,,
DL-er-7,1988-04-21,,,Red-bellied Lemur,Male,Mixed,Mixed,Chow,Eosinophils-Abs,4,,,,,,,97,152,,,,,0,0,,,,,,,,,,,,,,,,,,,,,,,,,,,,,,,,,,,,,,,,,,,,,,,,,,,,,,,,,
DL-er-8,1991-04-30,,,Red-bellied Lemur,Male,Mixed,Mixed,Chow,Eosinophils-Abs,4,,,,,444,,,,,,115.5,,0,,,,,,,,,,,,,,,,,,,,,,,,,,,,,,,,,,,,,,,,,,,,,,,,,,,,,,,,,,
DL-er-9,1992-04-29,2018-08-17,26.30,Red-bellied Lemur,Male,Mixed,Mixed,Chow,Eosinophils-Abs,10,,,,630,,,,,,,1014,,104,0,135,,381,,315,,0,,,226,124,,,,,,,,,,,,,,,,,,,,,,,,,,,,,,,,,,,,,,,,,,,,,,
DL-fa-1,1980-05-18,2014-12-10,34.56,White-headed Brown Lemur,Female,Mixed,Mixed,Chow,Eosinophils-Abs,6,,,,,,,,,,,,,,96,696,808,,,,,,,,,,,172,,297,,,,182,,,,,,,,,,,,,,,,,,,,,,,,,,,,,,,,,,,,,,
DL-fa-2,1988-07-11,2015-12-07,27.41,White-headed Brown Lemur,Female,Mixed,Mixed,Chow,Eosinophils-Abs,6,,,,,,,,,,,,,,,108,205,,,0,0,,,,,,,,,,,,,,,,,,,,,,,,,,,,,,,,,,,,,,,,,,,,,,,,,,,
DL-fa-4,1982-05-29,2003-07-02,21.09,White-headed Brown Lemur,Male,Mixed,Mixed,Chow,Eosinophils-Abs,3,,,,,,,,,,,,0,,0,,,,,,,,,,,,,,,,,,,,,,,,,,,,,,,,,,,,,,,,,,,,,,,,,,,,,,,,,
DL-fa-5,1983-06-02,2006-03-11,22.77,White-headed Brown Lemur,Male,Mixed,Mixed,Chow,Eosinophils-Abs,4,,,,,,,,,,,204,,24.5,,,87,,,,,,,,,,,,,,,,,,,,,,,,,,,,,,,,,,,,,,,,,,,,,,,,,,,,,,,
DL-fa-6,1986-04-16,2015-03-30,28.96,White-headed Brown Lemur,Male,Mixed,Mixed,Chow,Eosinophils-Abs,6,,,,,,,,,,0,,,,,,,0,,52,,0,,480,,,,,,,,,,,,,,,,,,,,,,,,,,,,,,,,,,,,,,,,,,,,,,,,
DL-fa-7,1987-05-07,,,White-headed Brown Lemur,Male,Mixed,Mixed,Chow,Eosinophils-Abs,2,,,,,,,100,,,,,,,,0,,,,,,,,,,,,,,,,,,,,,,,,,,,,,,,,,,,,,,,,,,,,,,,,,,,,,,,,
DL-fc-11,1995-03-25,2019-08-19,24.40,Collared Lemur,Female,Mixed,Mixed,Chow,Eosinophils-Abs,3,,,,,,,,,,,,,,,228,,,97,95,,,,,,,,,,,,,,,,,,,,,,,,,,,,,,,,,,,,,,,,,,,,,,,,,,,,
DL-fc-13,1983-05-11,2004-05-04,20.98,Collared Lemur,Male,Mixed,Mixed,Chow,Eosinophils-Abs,2,,,,,,,,,,,,,,,,,,,,103,594,,,,,,,,,,,,,,,,,,,,,,,,,,,,,,,,,,,,,,,,,,,,,,,,,,
DL-fc-14,1985-03-27,2007-10-05,22.52,Collared Lemur,Male,Mixed,Mixed,Chow,Eosinophils-Abs,4,,,,,,,,0,,,0,,,,,,,82,,,92,,,,,,,,,,,,,,,,,,,,,,,,,,,,,,,,,,,,,,,,,,,,,,,,,,
DL-fc-15,1986-03-16,2011-05-14,25.16,Collared Lemur,Male,Mixed,Mixed,Chow,Eosinophils-Abs,11,,,,,,,344,,156,110,29.5,,,,,,462,,576,550,,,365,435,,,,,,,,,,,,,,,,,,,,,,,,,,,,,,,,,,,,,,,,,,,,,,,
DL-fc-16,1987-03-25,,,Collared Lemur,Male,Mixed,Mixed,Chow,Eosinophils-Abs,1,,,,,,952,,,,,,,,,,,,,,,,,,,,,,,,,,,,,,,,,,,,,,,,,,,,,,,,,,,,,,,,,,,,,,,,,
DL-fc-17,1987-05-21,2011-03-28,23.85,Collared Lemur,Male,Mixed,Mixed,Chow,Eosinophils-Abs,8,,,,,,,,,,,848,,0,,1470,,,168,199,,,,0,,,,,,,,,,,,,,,,,,,,,,,,,,,,,,,,,,,,,,,,,,,,,,,,
DL-fc-18,1988-04-14,2015-10-06,27.48,Collared Lemur,Male,Mixed,Mixed,Chow,Eosinophils-Abs,9,,,,,,,,170,,,,,,,420,75,0,,,283.5,128,,,0,0,,,,,,,,,,,,,,,,,,,,,,,,,,,,,,,,,,,,,,,,,,,,,,
DL-fc-19,1989-04-07,1994-01-28,4.81,Collared Lemur,Male,Mixed,Mixed,Chow,Eosinophils-Abs,1,,,,,0,,,,,,,,,,,,,,,,,,,,,,,,,,,,,,,,,,,,,,,,,,,,,,,,,,,,,,,,,,,,,,,,,,
DL-fc-2,1981-04-12,2005-11-20,24.61,Collared Lemur,Female,Mixed,Mixed,Chow,Eosinophils-Abs,6,,,,,,,,,,,,0,,,42,285,,,,,,424,,0,,,,,,,,,,,,,,,,,,,,,,,,,,,,,,,,,,,,,,,,,,,,,,,
DL-fc-20,1989-05-31,,,Collared Lemur,Male,Mixed,Mixed,Chow,Eosinophils-Abs,3,,,,,0,,90,376,,,,,,,,,,,,,,,,,,,,,,,,,,,,,,,,,,,,,,,,,,,,,,,,,,,,,,,,,,,,,,,
DL-fc-21,1990-06-16,2010-07-02,20.04,Collared Lemur,Male,Mixed,Mixed,Chow,Eosinophils-Abs,9,,,,,0,92,,,,,,,280,127,,130,316,,,253.5,,,,,,,,,,,,,,,,,,,,,,,,,,,,,,,,,,,,,,,,,,,,,,,,,,,
DL-fc-22,1991-04-30,2000-08-29,9.33,Collared Lemur,Male,Mixed,Mixed,Chow,Eosinophils-Abs,2,,,,,,,913,,0,,,,,,,,,,,,,,,,,,,,,,,,,,,,,,,,,,,,,,,,,,,,,,,,,,,,,,,,,,,,,,
DL-fc-23,1991-05-09,,,Collared Lemur,Male,Mixed,Mixed,Chow,Eosinophils-Abs,6,,,560,,0,,,,,,,66,,,210,,97.5,,,,,,,,,,,,,,,,,,,,,,,,,,,,,,,,,,,,,,,,,,,,,,,,,,,,,,
DL-fc-24,1992-03-31,2020-11-18,28.63,Collared Lemur,Male,Mixed,Mixed,Chow,Eosinophils-Abs,4,,,,208,,,,,,,102,,,0,186,,,,,,,,,,,,,,,,,,,,,,,,,,,,,,,,,,,,,,,,,,,,,,,,,,,,,,,,
DL-fc-25,1993-05-31,,,Collared Lemur,Male,Mixed,Mixed,Chow,Eosinophils-Abs,7,,,,,,,,,,0,,528,,186,0,,,,,,,,,,,,,,,,,,,,,,,,,,,,,,,,,,,,,,,,,,,,,,,,,,,,,,,,
DL-fc-26,1994-04-16,,,Collared Lemur,Male,Mixed,Mixed,Chow,Eosinophils-Abs,3,,,,,,,,,,225,,136,,195,,,,,,,,,,,,,,,,,,,,,,,,,,,,,,,,,,,,,,,,,,,,,,,,,,,,,,,,,
DL-fc-27,1993-07-25,2020-08-22,27.08,Collared Lemur,Male,Mixed,Mixed,Chow,Eosinophils-Abs,13,,0,,288,,420,0,0,,0,,81,,0,0,,776.5,212,,,,,,,,,,,,,,,,,,,,,,,,,,,,,,,,,,,,,,,,,,,,,,,,,,,,,
DL-fc-28,1983-04-19,2008-06-07,25.13,Collared Lemur,Female,Mixed,Mixed,Chow,Eosinophils-Abs,5,,,,,,,,,,376,70,,,,,,,,80,,,,581,,,,,,,,,,,,,,,,,,,,,,,,,,,,,,,,,,,,,,,,,,,,,,,,
DL-fc-29,1992-03-31,,,Collared Lemur,Female,Mixed,Mixed,Chow,Eosinophils-Abs,3,,,504,0,1068,,,,,,,,,,,,,,,,,,,,,,,,,,,,,,,,,,,,,,,,,,,,,,,,,,,,,,,,,,,,,,,,,,
DL-fc-30,1980-06-29,1998-08-02,18.09,Collared Lemur,Male,Mixed,Mixed,Chow,Eosinophils-Abs,2,,,,,,,,,,,,300,,384,,,,,,,,,,,,,,,,,,,,,,,,,,,,,,,,,,,,,,,,,,,,,,,,,,,,,,,,,
DL-fc-4,1985-04-08,2014-03-05,28.91,Collared Lemur,Female,Mixed,Mixed,Chow,Eosinophils-Abs,10,,,,,,,,,1428,,469,,,,,,,1364,,168,395,135,258,,267,208,,,68,,,,,,,,,,,,,,,,,,,,,,,,,,,,,,,,,,,,,,,,,,
DL-fc-5,1987-03-23,2015-02-14,27.89,Collared Lemur,Female,Mixed,Mixed,Chow,Eosinophils-Abs,4,,,,,,236,0,,72,,,,0,,,,,,,,,,,,,,,,,,,,,,,,,,,,,,,,,,,,,,,,,,,,,,,,,,,,,,,,,,
DL-fc-6,1987-03-25,,,Collared Lemur,Female,Mixed,Mixed,Chow,Eosinophils-Abs,8,,,,,,,,,,,,,,,,,,0,84,,,258,,,,0,,399,154.5,,194,,,,,,,,,,,,,,,,,,,,,,,,,,,,,,,,,,,,,,,,
DL-fc-7,1988-03-18,,,Collared Lemur,Female,Mixed,Mixed,Chow,Eosinophils-Abs,10,,,,,191,708,,33,,,,,,,68,,168,210,,,72,245,,,,,,,,,,,,,,,,,,,,,,,,,,,,,,,,,,,,,,,,,,,,,,,,,
DL-fc-8,1989-04-18,2014-11-24,25.60,Collared Lemur,Female,Mixed,Mixed,Chow,Eosinophils-Abs,6,,,,,,,,,462,,,,707,,,,380,,696,,,,260,,120,,,,,,,,,,,,,,,,,,,,,,,,,,,,,,,,,,,,,,,,,,,,,,
DL-fc-9,1990-04-02,2007-10-23,17.56,Collared Lemur,Female,Mixed,Mixed,Chow,Eosinophils-Abs,5,,,,,70,511.5,,,,,,,,,104,,148,,,,,,,,,,,,,,,,,,,,,,,,,,,,,,,,,,,,,,,,,,,,,,,,,,,,,,
DL-ff-1,1984-03-31,2014-01-22,29.81,Common Brown Lemur,Female,Mixed,Mixed,Chow,Eosinophils-Abs,6,,,,,,,,,220,,,,,,,,,,192,83,,114,146,,284,,,,,,,,,,,,,,,,,,,,,,,,,,,,,,,,,,,,,,,,,,,,,,
DL-ff-2,1985-05-14,2004-02-16,18.76,Common Brown Lemur,Male,Mixed,Mixed,Chow,Eosinophils-Abs,2,,,,,,,,102,,,,,,,,,,52,,,,,,,,,,,,,,,,,,,,,,,,,,,,,,,,,,,,,,,,,,,,,,,,,,,,,
DL-fr-12,1995-03-24,,,Red-fronted Lemur,Female,Mixed,Mixed,Chow,Eosinophils-Abs,8,,,,,,,,,,0,,106,,231,,186,,,,,411,421.5,888,,,,,,,,,,,,,,,,,,,,,,,,,,,,,,,,,,,,,,,,,,,,,,,,
DL-fr-13,1996-03-26,,,Red-fronted Lemur,Female,Mixed,Mixed,Chow,Eosinophils-Abs,4,,,,,,0,,0,,,330,116,,,,,,,,,,,,,,,,,,,,,,,,,,,,,,,,,,,,,,,,,,,,,,,,,,,,,,,,,,,
DL-fr-15,1983-03-03,2013-06-21,30.30,Red-fronted Lemur,Male,Mixed,Mixed,Chow,Eosinophils-Abs,2,,,,,,,,,,,,,,,,,,,,,,,,,,,196,,335,,,,,,,,,,,,,,,,,,,,,,,,,,,,,,,,,,,,,,,,,,
DL-fr-16,1986-03-30,2006-07-10,20.28,Red-fronted Lemur,Male,Mixed,Mixed,Chow,Eosinophils-Abs,10,,,,,,,,0,,69,,,,,,,318,,,,99,,,,,,,,,,,,,,,,,,,,,,,,,,,,,,,,,,,,,,,,,,,,,,,,,,
DL-fr-17,1987-03-18,,,Red-fronted Lemur,Male,Mixed,Mixed,Chow,Eosinophils-Abs,3,,,,,,,58,,106,,,,,,,,,,,,,,,,,,,,,,,,,,,,,,,,,,,,,,,,,,,,,,,,,,,,,,,,,,,,,,
DL-fr-18,1987-04-30,2006-10-21,19.47,Red-fronted Lemur,Male,Mixed,Mixed,Chow,Eosinophils-Abs,5,,,,,,,,468,189,,,,0,,,,,,,,,,,,,,,,,,,,,,,,,,,,,,,,,,,,,,,,,,,,,,,,,,,,,,,,,,
DL-fr-19,1989-03-19,2002-12-10,13.73,Red-fronted Lemur,Male,Mixed,Mixed,Chow,Eosinophils-Abs,1,,,,,,170,,,,,,,,,,,,,,,,,,,,,,,,,,,,,,,,,,,,,,,,,,,,,,,,,,,,,,,,,,,,,,,,,
DL-fr-20,1989-04-19,,,Red-fronted Lemur,Male,Mixed,Mixed,Chow,Eosinophils-Abs,9,,,,,,90,144,,,,,,,0,,360,,340,308,,,,,,,,,,,,,,,,,,,,,,,,,,,,,,,,,,,,,,,,,,,,,,,,,,,,
DL-fr-21,1990-03-19,,,Red-fronted Lemur,Male,Mixed,Mixed,Chow,Eosinophils-Abs,2,,,,80,,53,,,,,,,,,,,,,,,,,,,,,,,,,,,,,,,,,,,,,,,,,,,,,,,,,,,,,,,,,,,,,,,,,
DL-fr-22,1991-03-11,2003-09-07,12.49,Red-fronted Lemur,Male,Mixed,Mixed,Chow,Eosinophils-Abs,1,,,,,,,,,,,0,,,,,,,,,,,,,,,,,,,,,,,,,,,,,,,,,,,,,,,,,,,,,,,,,,,,,,,,,,,,
DL-fr-23,1992-03-01,,,Red-fronted Lemur,Male,Mixed,Mixed,Chow,Eosinophils-Abs,7,,288,,198,696,,,,,,,,,,,,,,,,,,,,,,,,,,,,,,,,,,,,,,,,,,,,,,,,,,,,,,,,,,,,,,,,,,
DL-fr-24,1993-03-14,2017-08-09,24.40,Red-fronted Lemur,Male,Mixed,Mixed,Chow,Eosinophils-Abs,8,,691.5,385,,,,,,,,,,,,,,,,,,,,,,,,,,,,,,,,,,,,,,,,,,,,,,,,,,,,,,,,,,,,,,,,,,,,
DL-fr-25,1995-03-15,,,Red-fronted Lemur,Male,Mixed,Mixed,Chow,Eosinophils-Abs,1,,,,,,,,,,,,,,,152,,,,,,,,,,,,,,,,,,,,,,,,,,,,,,,,,,,,,,,,,,,,,,,,,,,,,,,,
DL-fr-27,1983-04-22,,,Red-fronted Lemur,Male,Mixed,Mixed,Chow,Eosinophils-Abs,1,,,,,,,,,,,660,,,,,,,,,,,,,,,,,,,,,,,,,,,,,,,,,,,,,,,,,,,,,,,,,,,,,,,,,,,,
DL-fr-4,1986-03-19,2019-08-06,33.38,Red-fronted Lemur,Female,Mixed,Mixed,Chow,Eosinophils-Abs,1,,,,,,,,,,,,,,,,462,,,,,,,,,,,,,,,,,,,,,,,,,,,,,,,,,,,,,,,,,,,,,,,,,,,,,,,
DL-fr-5,1991-03-12,,,Red-fronted Lemur,Female,Mixed,Mixed,Chow,Eosinophils-Abs,9,,,0,,159,101,,,,,,,,,,,,,,,,,,,,,,,,,,,,,,,,,,,,,,,,,,,,,,,,,,,,,,,,,,,,,,,,,
DL-fr-6,1992-03-08,2015-02-05,22.91,Red-fronted Lemur,Female,Mixed,Mixed,Chow,Eosinophils-Abs,3,,,,,,,,,,0,,,,,960,188,,,,,,,,,,,,,,,,,,,,,,,,,,,,,,,,,,,,,,,,,,,,,,,,,,,,,,,
DL-fr-7,1994-02-22,,,Red-fronted Lemur,Female,Mixed,Mixed,Chow,Eosinophils-Abs,8,78,910,,,,,,,,,,,,,,,,,,,,,,,,,,,,,,,,,,,,,,,,,,,,,,,,,,,,,,,,,,,,,,,,,,,,,
DL-fr-8,1994-04-07,,,Red-fronted Lemur,Female,Mixed,Mixed,Chow,Eosinophils-Abs,10,748,192,,,,0,,,,,,,,,,,,,,,,,,,,,,,,,,,,,,,,,,,,,,,,,,,,,,,,,,,,,,,,,,,,,,,,,
DL-FS-1,1986-04-30,2009-09-14,23.37,Sanford's Lemur,Female,Mixed,Mixed,Chow,Eosinophils-Abs,5,,,,,,,,,,200,,,,,,,0,112,,639,134,,,,,,,,,,,,,,,,,,,,,,,,,,,,,,,,,,,,,,,,,,,,,,,,,,
DL-FS-10,1991-04-22,2020-05-13,29.06,Sanford's Lemur,Male,Mixed,Mixed,Chow,Eosinophils-Abs,5,,,,,0,,,,,,102,,385,,366,67,,,,,,,,,,,,,,,,,,,,,,,,,,,,,,,,,,,,,,,,,,,,,,,,,,,,,,,
DL-FS-11,1993-05-12,2007-11-18,14.52,Sanford's Lemur,Male,Mixed,Mixed,Chow,Eosinophils-Abs,5,,245,37,,,,,,,0,0,,,67,,,,,,,,,,,,,,,,,,,,,,,,,,,,,,,,,,,,,,,,,,,,,,,,,,,,,,,,,
DL-FS-2,1987-05-02,2007-12-03,20.59,Sanford's Lemur,Female,Mixed,Mixed,Chow,Eosinophils-Abs,1,,,,,,,,,51,,,,,,,,,,,,,,,,,,,,,,,,,,,,,,,,,,,,,,,,,,,,,,,,,,,,,,,,,,,,,,
DL-FS-3,1988-04-07,2011-03-25,22.97,Sanford's Lemur,Female,Mixed,Mixed,Chow,Eosinophils-Abs,4,,,,,,,,200,,,,,,,0,,,141,45,,,,,,,,,,,,,,,,,,,,,,,,,,,,,,,,,,,,,,,,,,,,,,,,,,,,
DL-FS-5,1990-05-17,2012-03-23,21.85,Sanford's Lemur,Female,Mixed,Mixed,Chow,Eosinophils-Abs,5,,,,,0,,,,,,,216,,420,,188,71,,,,,,,,,,,,,,,,,,,,,,,,,,,,,,,,,,,,,,,,,,,,,,,,,,,,,,
DL-FS-6,1992-06-30,2013-02-28,20.66,Sanford's Lemur,Female,Mixed,Mixed,Chow,Eosinophils-Abs,5,,,148,,,,,,,,0,0,272,,109,,,,,,,,,,,,,,,,,,,,,,,,,,,,,,,,,,,,,,,,,,,,,,,,,,,,,,,,
DL-FS-7,1985-11-29,2007-10-03,21.84,Sanford's Lemur,Male,Mixed,Mixed,Chow,Eosinophils-Abs,4,,,,,,,,,,729,,,,,,,98,,,60,,44,,,,,,,,,,,,,,,,,,,,,,,,,,,,,,,,,,,,,,,,,,,,,,,,,
DL-FS-8,1989-05-18,2006-09-15,17.33,Sanford's Lemur,Male,Mixed,Mixed,Chow,Eosinophils-Abs,5,,,,,,0,644,,,0,,,,184,142,,,,,,,,,,,,,,,,,,,,,,,,,,,,,,,,,,,,,,,,,,,,,,,,,,,,,,,,
DL-FS-9,1990-07-02,,,Sanford's Lemur,Male,Mixed,Mixed,Chow,Eosinophils-Abs,2,,,,,110,,312,,,,,,,,,,,,,,,,,,,,,,,,,,,,,,,,,,,,,,,,,,,,,,,,,,,,,,,,,,,,,,,,
DL-gg-1,1975-06-23,1998-11-09,23.38,Eastern Lesser Bamboo Lemur,Female,Mixed,Mixed,Chow,Eosinophils-Abs,1,,,,,,,,,,,,,,,,,,,,0,,,,,,,,,,,,,,,,,,,,,,,,,,,,,,,,,,,,,,,,,,,,,,,,,,,
DL-gg-10,1995-05-06,,,Eastern Lesser Bamboo Lemur,Female,Mixed,Mixed,Chow,Eosinophils-Abs,12,,,,,,,63,,,,,144,170,102,,52,,192.6,71,,162,,,0,,,,,,,,,,,,,,,,,,,,,,,,,,,,,,,,,,,,,,,,,,,,,,,
DL-gg-11,1995-05-09,2011-08-01,16.23,Eastern Lesser Bamboo Lemur,Female,Mixed,Mixed,Chow,Eosinophils-Abs,2,,,,,,,,58.5,,,,,,,,,,,,,,,,,,,,,,,,,,,,,,,,,,,,,,,,,,,,,,,,,,,,,,,,,,,,,,,
DL-gg-12,1996-04-09,2008-10-23,12.54,Eastern Lesser Bamboo Lemur,Female,Mixed,Mixed,Chow,Eosinophils-Abs,1,,,290,,,,,,,,,,,,,,,,,,,,,,,,,,,,,,,,,,,,,,,,,,,,,,,,,,,,,,,,,,,,,,,,,,,,
DL-gg-14,1998-05-09,2012-08-21,14.28,Eastern Lesser Bamboo Lemur,Female,Mixed,Mixed,Chow,Eosinophils-Abs,6,,,,,59,,81,,78,,106,,384,450,,,,,,,,,,,,,,,,,,,,,,,,,,,,,,,,,,,,,,,,,,,,,,,,,,,,,,,,,
DL-gg-15,1998-09-11,2014-01-02,15.31,Eastern Lesser Bamboo Lemur,Female,Mixed,Mixed,Chow,Eosinophils-Abs,5,,,,,132,165,,,,153,,,390,,,,,,,,,,,,,,,,,,,,,,,,,,,,,,,,,,,,,,,,,,,,,,,,,,,,,,,,,,
DL-gg-16,1998-10-06,2017-08-11,18.85,Eastern Lesser Bamboo Lemur,Female,Mixed,Mixed,Chow,Eosinophils-Abs,8,,,,102,,188,,,302,178,,,188,0,,240,,,,,,,,,,,,,,,,,,,,,,,,,,,,,,,,,,,,,,,,,,,,,,,,,,,,,,,
DL-gg-18,1983-11-26,1996-06-15,12.55,Eastern Lesser Bamboo Lemur,Male,Mixed,Mixed,Chow,Eosinophils-Abs,1,,,,,,,,,,,696,,,,,,,,,,,,,,,,,,,,,,,,,,,,,,,,,,,,,,,,,,,,,,,,,,,,,,,,,,,,
DL-gg-19,1989-05-22,2010-02-10,20.72,Eastern Lesser Bamboo Lemur,Male,Mixed,Mixed,Chow,Eosinophils-Abs,12,,,,,,86,,,,0,,,,78,33,,79,,0,,,,,,,,,,,,,,,,,,,,,,,,,,,,,,,,,,,,,,,,,,,,,,,,,,,,
DL-gg-2,1988-04-14,2000-04-16,12.01,Eastern Lesser Bamboo Lemur,Female,Mixed,Mixed,Chow,Eosinophils-Abs,2,,,,,,,,,,,0,0,,,,,,,,,,,,,,,,,,,,,,,,,,,,,,,,,,,,,,,,,,,,,,,,,,,,,,,,,,,
DL-gg-20,1991-05-15,1998-07-01,7.13,Eastern Lesser Bamboo Lemur,Male,Mixed,Mixed,Chow,Eosinophils-Abs,1,,,,,,,,0,,,,,,,,,,,,,,,,,,,,,,,,,,,,,,,,,,,,,,,,,,,,,,,,,,,,,,,,,,,,,,,
DL-gg-21,1993-05-03,2003-04-30,9.99,Eastern Lesser Bamboo Lemur,Male,Mixed,Mixed,Chow,Eosinophils-Abs,2,,0,,0,,,,,,,,,,,,,,,,,,,,,,,,,,,,,,,,,,,,,,,,,,,,,,,,,,,,,,,,,,,,,,,,,,,
DL-gg-22,1993-05-21,2001-07-12,8.14,Eastern Lesser Bamboo Lemur,Male,Mixed,Mixed,Chow,Eosinophils-Abs,2,0,,,0,,,,,,,,,,,,,,,,,,,,,,,,,,,,,,,,,,,,,,,,,,,,,,,,,,,,,,,,,,,,,,,,,,,
DL-gg-23,1993-09-08,,,Eastern Lesser Bamboo Lemur,Male,Mixed,Mixed,Chow,Eosinophils-Abs,2,,0,,,,,0,,,,,,,,,,,,,,,,,,,,,,,,,,,,,,,,,,,,,,,,,,,,,,,,,,,,,,,,,,,,,,,,
DL-gg-24,1993-09-08,2009-06-05,15.74,Eastern Lesser Bamboo Lemur,Male,Mixed,Mixed,Chow,Eosinophils-Abs,2,,0,,,,,0,,,,,,,,,,,,,,,,,,,,,,,,,,,,,,,,,,,,,,,,,,,,,,,,,,,,,,,,,,,,,,,,
DL-gg-25,1994-05-13,2005-03-14,10.84,Eastern Lesser Bamboo Lemur,Male,Mixed,Mixed,Chow,Eosinophils-Abs,1,,,,52,,,,,,,,,,,,,,,,,,,,,,,,,,,,,,,,,,,,,,,,,,,,,,,,,,,,,,,,,,,,,,,,,,,
DL-gg-26,1996-03-27,2009-02-25,12.91,Eastern Lesser Bamboo Lemur,Male,Mixed,Mixed,Chow,Eosinophils-Abs,6,,,,,,,240,162,0,,237,,0,,,,,,,,,,,,,,,,,,,,,,,,,,,,,,,,,,,,,,,,,,,,,,,,,,,,,,,,,,
DL-gg-27,1997-04-08,,,Eastern Lesser Bamboo Lemur,Male,Mixed,Mixed,Chow,Eosinophils-Abs,7,,,,,0,,0,135,,77,,,,354,,,,421,,,,,,,,,,,,,,,,,,,,,,,,,,,,,,,,,,,,,,,,,,,,,,,,,,,,,
DL-gg-28,1989-05-22,1994-02-28,4.77,Eastern Lesser Bamboo Lemur,Male,Mixed,Mixed,Chow,Eosinophils-Abs,1,,,,,122,,,,,,,,,,,,,,,,,,,,,,,,,,,,,,,,,,,,,,,,,,,,,,,,,,,,,,,,,,,,,,,,,,
DL-gg-29,1987-04-14,1997-07-23,10.27,Eastern Lesser Bamboo Lemur,Male,Mixed,Mixed,Chow,Eosinophils-Abs,1,,,,,,,,68,,,,,,,,,,,,,,,,,,,,,,,,,,,,,,,,,,,,,,,,,,,,,,,,,,,,,,,,,,,,,,,
DL-gg-3,1989-05-01,2003-01-31,13.75,Eastern Lesser Bamboo Lemur,Female,Mixed,Mixed,Chow,Eosinophils-Abs,3,,,,,0,81,,,,,,,,71,,,,,,,,,,,,,,,,,,,,,,,,,,,,,,,,,,,,,,,,,,,,,,,,,,,,,,,,,
DL-gg-4,1990-05-25,2004-09-29,14.34,Eastern Lesser Bamboo Lemur,Female,Mixed,Mixed,Chow,Eosinophils-Abs,2,,,,,92,,,,,0,,,,,,,,,,,,,,,,,,,,,,,,,,,,,,,,,,,,,,,,,,,,,,,,,,,,,,,,,,,,,
DL-gg-5,1991-07-08,2003-06-29,11.97,Eastern Lesser Bamboo Lemur,Female,Mixed,Mixed,Chow,Eosinophils-Abs,5,366,,,504,,131,465,,,,,,,,,,,,,,,,,,,,,,,,,,,,,,,,,,,,,,,,,,,,,,,,,,,,,,,,,,,,,,,,
DL-gg-6,1992-05-03,2003-04-29,10.99,Eastern Lesser Bamboo Lemur,Female,Mixed,Mixed,Chow,Eosinophils-Abs,2,,,0,,0,,,,,,,,,,,,,,,,,,,,,,,,,,,,,,,,,,,,,,,,,,,,,,,,,,,,,,,,,,,,,,,,,,
DL-gg-7,1994-03-20,2012-09-18,18.50,Eastern Lesser Bamboo Lemur,Female,Mixed,Mixed,Chow,Eosinophils-Abs,6,,,,,,,,,86,,142,,94,,52,,309,,237,,,,,,,,,,,,,,,,,,,,,,,,,,,,,,,,,,,,,,,,,,,,,,,,,,,,
DL-gg-9,1995-03-22,2018-09-16,23.49,Eastern Lesser Bamboo Lemur,Female,Mixed,Mixed,Chow,Eosinophils-Abs,1,,,,66,,,,,,,,,,,,,,,,,,,,,,,,,,,,,,,,,,,,,,,,,,,,,,,,,,,,,,,,,,,,,,,,,,,
DL-gm-11,2002-08-09,2010-03-27,7.63,Lesser Bushbaby,Female,Mixed,Inside,Chow,Eosinophils-Abs,2,,,,,,,62,,,,,,,,,,,,,,,,,,,,,,,,,,,,,,,,,,,,,,,,,,,,,,,,,,,,,,,,,,,,,,,,
DL-gm-17,1991-09-03,1999-05-10,7.69,Lesser Bushbaby,Male,Mixed,Inside,Chow,Eosinophils-Abs,1,,,,,,,0,,,,,,,,,,,,,,,,,,,,,,,,,,,,,,,,,,,,,,,,,,,,,,,,,,,,,,,,,,,,,,,,
DL-gm-18,1992-05-17,2002-10-23,10.43,Lesser Bushbaby,Male,Mixed,Inside,Chow,Eosinophils-Abs,1,174,,,,,,,,,,,,,,,,,,,,,,,,,,,,,,,,,,,,,,,,,,,,,,,,,,,,,,,,,,,,,,,,,,,,,,
DL-gm-19,2001-02-03,2010-07-26,9.48,Lesser Bushbaby,Male,Mixed,Inside,Chow,Eosinophils-Abs,4,,,0,0,,,39,,,,,,,,,,,,,,,,,,,,,,,,,,,,,,,,,,,,,,,,,,,,,,,,,,,,,,,,,,,,,,,,
DL-gm-2,1989-01-01,1998-11-13,9.87,Lesser Bushbaby,Female,Mixed,Inside,Chow,Eosinophils-Abs,1,,,,,,,,,,0,,,,,,,,,,,,,,,,,,,,,,,,,,,,,,,,,,,,,,,,,,,,,,,,,,,,,,,,,,,,,
DL-gm-20,2002-08-09,2009-05-12,6.76,Lesser Bushbaby,Male,Mixed,Inside,Chow,Eosinophils-Abs,2,,42,,,260,,,,,,,,,,,,,,,,,,,,,,,,,,,,,,,,,,,,,,,,,,,,,,,,,,,,,,,,,,,,,,,,,,
DL-gm-21,1999-03-05,2007-02-15,7.94,Lesser Bushbaby,Male,Mixed,Inside,Chow,Eosinophils-Abs,2,,,,90,,,,27,,,,,,,,,,,,,,,,,,,,,,,,,,,,,,,,,,,,,,,,,,,,,,,,,,,,,,,,,,,,,,,
DL-gm-23,2003-02-22,2008-01-17,4.90,Lesser Bushbaby,Male,Mixed,Inside,Chow,Eosinophils-Abs,1,,,,,240,,,,,,,,,,,,,,,,,,,,,,,,,,,,,,,,,,,,,,,,,,,,,,,,,,,,,,,,,,,,,,,,,,
DL-gm-9,1993-05-30,2001-03-01,7.76,Lesser Bushbaby,Female,Mixed,Inside,Chow,Eosinophils-Abs,1,,,,,89,,,,,,,,,,,,,,,,,,,,,,,,,,,,,,,,,,,,,,,,,,,,,,,,,,,,,,,,,,,,,,,,,,
DL-lc-1,1984-03-16,2010-05-05,26.14,Ringtailed Lemur,Female,Mixed,Mixed,Chow,Eosinophils-Abs,5,,,,,,,,,,294,147,0,,,,,,228,,,,,,,,,,,,,,,,,,,,,,,,,,,,,,,,,,,,,,,,,,,,,,,,,,,,,
DL-lc-10,1989-04-20,2009-09-09,20.39,Ringtailed Lemur,Female,Mixed,Mixed,Chow,Eosinophils-Abs,9,,,,,63,,286,,,,,,,,,,,,,,,,,,,,,,,,,,,,,,,,,,,,,,,,,,,,,,,,,,,,,,,,,,,,,,,,
DL-lc-101,2010-03-20,,,Ringtailed Lemur,Female,Mixed,Mixed,Chow,Eosinophils-Abs,1,,,428,,,,,,,,,,,,,,,,,,,,,,,,,,,,,,,,,,,,,,,,,,,,,,,,,,,,,,,,,,,,,,,,,,,,
DL-lc-102,2010-03-25,,,Ringtailed Lemur,Female,Mixed,Mixed,Chow,Eosinophils-Abs,4,278,,,300,,,,,,,,,,,,,,,,,,,,,,,,,,,,,,,,,,,,,,,,,,,,,,,,,,,,,,,,,,,,,,,,,,,
DL-lc-103,2009-03-17,,,Ringtailed Lemur,Female,Mixed,Mixed,Chow,Eosinophils-Abs,1,,,,,510,,,,,,,,,,,,,,,,,,,,,,,,,,,,,,,,,,,,,,,,,,,,,,,,,,,,,,,,,,,,,,,,,,
DL-lc-104,1992-03-22,,,Ringtailed Lemur,Female,Mixed,Mixed,Chow,Eosinophils-Abs,5,,,,,,,,,,,,,,,,,,,178,141,,0,,1200,,0,,,,,,,,,,,,,,,,,,,,,,,,,,,,,,,,,,,,,,,,,,,,,
DL-lc-105,2008-07-15,,,Ringtailed Lemur,Female,Mixed,Mixed,Chow,Eosinophils-Abs,1,,,,,,,,34,,,,,,,,,,,,,,,,,,,,,,,,,,,,,,,,,,,,,,,,,,,,,,,,,,,,,,,,,,,,,,,
DL-lc-106,2009-04-29,,,Ringtailed Lemur,Female,Mixed,Mixed,Chow,Eosinophils-Abs,3,,200,212,,292.3,,,,,,,,,,,,,,,,,,,,,,,,,,,,,,,,,,,,,,,,,,,,,,,,,,,,,,,,,,,,,,,,,,
DL-lc-107,2006-03-12,,,Ringtailed Lemur,Male,Mixed,Mixed,Chow,Eosinophils-Abs,6,,,,354,,297,,,,516,225,,,91,,,,,,,,,,,,,,,,,,,,,,,,,,,,,,,,,,,,,,,,,,,,,,,,,,,,,,,,,
DL-lc-108,2009-07-08,,,Ringtailed Lemur,Male,Mixed,Mixed,Chow,Eosinophils-Abs,3,261,,,120,,,,,,,,,,,,,,,,,,,,,,,,,,,,,,,,,,,,,,,,,,,,,,,,,,,,,,,,,,,,,,,,,,,
DL-lc-109,2010-03-20,,,Ringtailed Lemur,Female,Mixed,Mixed,Chow,Eosinophils-Abs,2,234,,91,,,,,,,,,,,,,,,,,,,,,,,,,,,,,,,,,,,,,,,,,,,,,,,,,,,,,,,,,,,,,,,,,,,,
DL-lc-11,1990-03-22,1998-12-28,8.77,Ringtailed Lemur,Female,Mixed,Mixed,Chow,Eosinophils-Abs,12,,,,154,0,65,,,,,,,,,,,,,,,,,,,,,,,,,,,,,,,,,,,,,,,,,,,,,,,,,,,,,,,,,,,,,,,,,
DL-lc-111,2002-03-29,,,Ringtailed Lemur,Female,Mixed,Mixed,Chow,Eosinophils-Abs,2,0,,0,,,,,,,,,,,,,,,,,,,,,,,,,,,,,,,,,,,,,,,,,,,,,,,,,,,,,,,,,,,,,,,,,,,,
DL-lc-12,1993-03-11,,,Ringtailed Lemur,Female,Mixed,Mixed,Chow,Eosinophils-Abs,12,37,0,152.5,,,,0,,,,,,,,,,,,,,,,,,,,,,,,,,,,,,,,,,,,,,,,,,,,,,,,,,,,,,,,,,,,,,,,
DL-lc-13,1993-03-19,2001-06-28,8.27,Ringtailed Lemur,Female,Mixed,Mixed,Chow,Eosinophils-Abs,4,0,76.5,0,,,,,,,,,,,,,,,,,,,,,,,,,,,,,,,,,,,,,,,,,,,,,,,,,,,,,,,,,,,,,,,,,,,,
DL-lc-14,1993-03-21,,,Ringtailed Lemur,Female,Mixed,Mixed,Chow,Eosinophils-Abs,10,0,37.5,0,,,456,,,,,,,,,,,,,,,,,,,,,,,,,,,,,,,,,,,,,,,,,,,,,,,,,,,,,,,,,,,,,,,,,
DL-lc-15,1993-05-17,,,Ringtailed Lemur,Female,Mixed,Mixed,Chow,Eosinophils-Abs,5,0,0,0,,,,,,,,,,,,,,,,,,,,,,,,,,,,,,,,,,,,,,,,,,,,,,,,,,,,,,,,,,,,,,,,,,,,
DL-lc-16,1994-03-23,,,Ringtailed Lemur,Female,Mixed,Mixed,Chow,Eosinophils-Abs,11,498.5,218,,,,,,516,0,,,,,,,,,,,,,,,,,,,,,,,,,,,,,,,,,,,,,,,,,,,,,,,,,,,,,,,,,,,,,,
DL-lc-17,1994-03-23,,,Ringtailed Lemur,Female,Mixed,Mixed,Chow,Eosinophils-Abs,16,0,46,136,,0,,,,0,,0,46,,,,,,,,,,,,,,,,,,,,,,,,,,,,,,,,,,,,,,,,,,,,,,,,,,,,,,,,,,,
DL-lc-18,1994-03-25,,,Ringtailed Lemur,Female,Mixed,Mixed,Chow,Eosinophils-Abs,6,79,136,,,,,,,,,,,,,,,,,,,,,,,,,,,,,,,,,,,,,,,,,,,,,,,,,,,,,,,,,,,,,,,,,,,,,
DL-lc-19,1994-03-25,,,Ringtailed Lemur,Female,Mixed,Mixed,Chow,Eosinophils-Abs,7,0,67,,,,,,,,,,,,,,,,,,,,,,,,,,,,,,,,,,,,,,,,,,,,,,,,,,,,,,,,,,,,,,,,,,,,,
DL-lc-2,1985-04-09,2010-09-23,25.46,Ringtailed Lemur,Female,Mixed,Mixed,Chow,Eosinophils-Abs,13,,,,,,,,,150,622,28.5,,,,,,,0,80,,,,0,,172,,,,,,,,,,,,,,,,,,,,,,,,,,,,,,,,,,,,,,,,,,,,,,
DL-lc-20,1995-03-24,,,Ringtailed Lemur,Female,Mixed,Mixed,Chow,Eosinophils-Abs,6,153,,,,0,,,,,,,,,,,,,,,,,,,,,,,,,,,,,,,,,,,,,,,,,,,,,,,,,,,,,,,,,,,,,,,,,,
DL-lc-21,1995-05-12,,,Ringtailed Lemur,Female,Mixed,Mixed,Chow,Eosinophils-Abs,1,0,,,,,,,,,,,,,,,,,,,,,,,,,,,,,,,,,,,,,,,,,,,,,,,,,,,,,,,,,,,,,,,,,,,,,,
DL-lc-23,1996-03-14,2020-03-13,24.00,Ringtailed Lemur,Female,Mixed,Mixed,Chow,Eosinophils-Abs,1,,,336,,,,,,,,,,,,,,,,,,,,,,,,,,,,,,,,,,,,,,,,,,,,,,,,,,,,,,,,,,,,,,,,,,,,
DL-lc-25,1997-04-09,2015-01-05,17.74,Ringtailed Lemur,Female,Mixed,Mixed,Chow,Eosinophils-Abs,1,,,,,100,,,,,,,,,,,,,,,,,,,,,,,,,,,,,,,,,,,,,,,,,,,,,,,,,,,,,,,,,,,,,,,,,,
DL-lc-27,1997-04-11,,,Ringtailed Lemur,Female,Mixed,Mixed,Chow,Eosinophils-Abs,4,,,,,,180,0,,0,,0,,,,,,,,,,,,,,,,,,,,,,,,,,,,,,,,,,,,,,,,,,,,,,,,,,,,,,,,,,,,
DL-lc-28,1997-04-13,2020-04-02,22.97,Ringtailed Lemur,Female,Mixed,Mixed,Chow,Eosinophils-Abs,8,,,,,,0,66,,0,,,46,,129,,118,,0,,,0,,,,,,,,,,,,,,,,,,,,,,,,,,,,,,,,,,,,,,,,,,,,,,,,,,
DL-lc-29,2000-03-17,2019-01-08,18.81,Ringtailed Lemur,Female,Mixed,Mixed,Chow,Eosinophils-Abs,7,,0,0,,,72,,0,,,,69,,490,,721,,,,,,,,,,,,,,,,,,,,,,,,,,,,,,,,,,,,,,,,,,,,,,,,,,,,,,,
DL-lc-3,1987-03-19,2004-08-16,17.41,Ringtailed Lemur,Female,Mixed,Mixed,Chow,Eosinophils-Abs,14,,,,,,,245,0,0,,,,0,,,41,0,,,,,,,,,,,,,,,,,,,,,,,,,,,,,,,,,,,,,,,,,,,,,,,,,,,,,,
DL-lc-30,2000-03-22,2004-09-27,4.51,Ringtailed Lemur,Female,Mixed,Mixed,Chow,Eosinophils-Abs,1,,0,,,,,,,,,,,,,,,,,,,,,,,,,,,,,,,,,,,,,,,,,,,,,,,,,,,,,,,,,,,,,,,,,,,,,
DL-lc-31,2000-03-26,2006-04-14,6.05,Ringtailed Lemur,Female,Mixed,Mixed,Chow,Eosinophils-Abs,1,,243,,,,,,,,,,,,,,,,,,,,,,,,,,,,,,,,,,,,,,,,,,,,,,,,,,,,,,,,,,,,,,,,,,,,,
DL-lc-32,2004-03-18,2011-12-22,7.76,Ringtailed Lemur,Female,Mixed,Mixed,Chow,Eosinophils-Abs,1,0,,,,,,,,,,,,,,,,,,,,,,,,,,,,,,,,,,,,,,,,,,,,,,,,,,,,,,,,,,,,,,,,,,,,,,
DL-lc-33,2004-03-18,,,Ringtailed Lemur,Female,Mixed,Mixed,Chow,Eosinophils-Abs,5,57,,,0,0,,,105,,510,,,,,,,,,,,,,,,,,,,,,,,,,,,,,,,,,,,,,,,,,,,,,,,,,,,,,,,,,,,,,
DL-lc-34,2004-03-26,,,Ringtailed Lemur,Female,Mixed,Mixed,Chow,Eosinophils-Abs,2,0,,,,73,,,,,,,,,,,,,,,,,,,,,,,,,,,,,,,,,,,,,,,,,,,,,,,,,,,,,,,,,,,,,,,,,,
DL-lc-35,2005-03-18,,,Ringtailed Lemur,Female,Mixed,Mixed,Chow,Eosinophils-Abs,4,,72,,,60,359,,,,,,,,,,,,,,,,,,,,,,,,,,,,,,,,,,,,,,,,,,,,,,,,,,,,,,,,,,,,,,,,,
DL-lc-36,2005-03-22,2019-04-16,14.07,Ringtailed Lemur,Female,Mixed,Mixed,Chow,Eosinophils-Abs,5,,0,0,,0,,62,,,,385,,,,,,,,,,,,,,,,,,,,,,,,,,,,,,,,,,,,,,,,,,,,,,,,,,,,,,,,,,,,
DL-lc-37,2005-03-22,,,Ringtailed Lemur,Female,Mixed,Mixed,Chow,Eosinophils-Abs,2,,,,,0,,110,,,,,,,,,,,,,,,,,,,,,,,,,,,,,,,,,,,,,,,,,,,,,,,,,,,,,,,,,,,,,,,,
DL-lc-38,2005-04-25,,,Ringtailed Lemur,Female,Mixed,Mixed,Chow,Eosinophils-Abs,6,,0,0,,74,,109,,142.5,,,,,,,,,,,,,,,,,,,,,,,,,,,,,,,,,,,,,,,,,,,,,,,,,,,,,,,,,,,,,,
DL-lc-39,2001-03-17,,,Ringtailed Lemur,Female,Mixed,Mixed,Chow,Eosinophils-Abs,4,,,,,,,0,,75,,238,,,150,,,,,,,,,,,,,,,,,,,,,,,,,,,,,,,,,,,,,,,,,,,,,,,,,,,,,,,,,
DL-lc-4,1987-04-15,2010-11-17,23.59,Ringtailed Lemur,Female,Mixed,Mixed,Chow,Eosinophils-Abs,7,,,,,,,220,0,,,,,,,,0,52,,0,,,162,,,,,,,,,,,,,,,,,,,,,,,,,,,,,,,,,,,,,,,,,,,,,,,,,
DL-lc-40,2005-06-18,,,Ringtailed Lemur,Female,Mixed,Mixed,Chow,Eosinophils-Abs,4,,0,,,621,,57,,165,,,,,,,,,,,,,,,,,,,,,,,,,,,,,,,,,,,,,,,,,,,,,,,,,,,,,,,,,,,,,,
DL-lc-41,2005-06-22,2007-06-16,1.98,Ringtailed Lemur,Female,Mixed,Mixed,Chow,Eosinophils-Abs,2,,0,,,,,,,,,,,,,,,,,,,,,,,,,,,,,,,,,,,,,,,,,,,,,,,,,,,,,,,,,,,,,,,,,,,,,
DL-lc-42,2006-04-08,,,Ringtailed Lemur,Female,Mixed,Mixed,Chow,Eosinophils-Abs,3,,,,0,,0,,54,,,,,,,,,,,,,,,,,,,,,,,,,,,,,,,,,,,,,,,,,,,,,,,,,,,,,,,,,,,,,,,
DL-lc-43,2006-04-22,2020-10-15,14.48,Ringtailed Lemur,Female,Mixed,Mixed,Chow,Eosinophils-Abs,1,0,,,,,,,,,,,,,,,,,,,,,,,,,,,,,,,,,,,,,,,,,,,,,,,,,,,,,,,,,,,,,,,,,,,,,,
DL-lc-44,2007-03-23,,,Ringtailed Lemur,Female,Mixed,Mixed,Chow,Eosinophils-Abs,1,,0,,,,,,,,,,,,,,,,,,,,,,,,,,,,,,,,,,,,,,,,,,,,,,,,,,,,,,,,,,,,,,,,,,,,,
DL-lc-45,2007-03-23,,,Ringtailed Lemur,Female,Mixed,Mixed,Chow,Eosinophils-Abs,2,,0,,94,,,,,,,,,,,,,,,,,,,,,,,,,,,,,,,,,,,,,,,,,,,,,,,,,,,,,,,,,,,,,,,,,,,
DL-lc-46,2007-04-25,,,Ringtailed Lemur,Female,Mixed,Mixed,Chow,Eosinophils-Abs,3,0,,,0,,,408,,,,,,,,,,,,,,,,,,,,,,,,,,,,,,,,,,,,,,,,,,,,,,,,,,,,,,,,,,,,,,,,
DL-lc-48,2008-05-01,,,Ringtailed Lemur,Female,Mixed,Mixed,Chow,Eosinophils-Abs,4,0,,,279,,,264,,640,,,,,,,,,,,,,,,,,,,,,,,,,,,,,,,,,,,,,,,,,,,,,,,,,,,,,,,,,,,,,,
DL-lc-49,2008-05-01,,,Ringtailed Lemur,Female,Mixed,Mixed,Chow,Eosinophils-Abs,2,88,,,0,,,,,,,,,,,,,,,,,,,,,,,,,,,,,,,,,,,,,,,,,,,,,,,,,,,,,,,,,,,,,,,,,,,
DL-lc-5,1988-04-17,,,Ringtailed Lemur,Female,Mixed,Mixed,Chow,Eosinophils-Abs,16,,,,,,0,0,35,,,,,,49,,0,0,,,,,406,,,,,,,,,,,,,,,,,,,,,,,,,,,,,,,,,,,,,,,,,,,,,,,,,
DL-lc-50,1983-06-03,2001-06-06,18.01,Ringtailed Lemur,Male,Mixed,Mixed,Chow,Eosinophils-Abs,1,,,,,,,,,,,,0,,,,,,,,,,,,,,,,,,,,,,,,,,,,,,,,,,,,,,,,,,,,,,,,,,,,,,,,,,,
DL-lc-51,1984-05-30,1996-09-05,12.27,Ringtailed Lemur,Male,Mixed,Mixed,Chow,Eosinophils-Abs,2,,,,,,,,,146,,,423,,,,,,,,,,,,,,,,,,,,,,,,,,,,,,,,,,,,,,,,,,,,,,,,,,,,,,,,,,,
DL-lc-52,1984-05-30,1998-07-15,14.13,Ringtailed Lemur,Male,Mixed,Mixed,Chow,Eosinophils-Abs,3,,,,,,,,,0,,31,517,,,,,,,,,,,,,,,,,,,,,,,,,,,,,,,,,,,,,,,,,,,,,,,,,,,,,,,,,,,
DL-lc-53,1985-03-20,2017-10-21,32.59,Ringtailed Lemur,Male,Mixed,Mixed,Chow,Eosinophils-Abs,4,,,,,,,,,90,252,,,,,,,,,76,,,,,,,,,,,,,,,,,,,,,,,,,,,,,,,,,,,,,,,,,,,,,,,,,,,,
DL-lc-55,1987-03-23,2010-10-17,23.57,Ringtailed Lemur,Male,Mixed,Mixed,Chow,Eosinophils-Abs,9,,,,,,,456,148,,,,0,,,,50,,0,,,40,132,180,,,,,,,,,,,,,,,,,,,,,,,,,,,,,,,,,,,,,,,,,,,,,,,,
DL-lc-56,1987-06-28,2004-08-20,17.14,Ringtailed Lemur,Male,Mixed,Mixed,Chow,Eosinophils-Abs,13,,,,,,0,,0,364,,0,,,,0,,38,0,,,,,,,,,,,,,,,,,,,,,,,,,,,,,,,,,,,,,,,,,,,,,,,,,,,,,
DL-lc-58,1989-03-08,,,Ringtailed Lemur,Male,Mixed,Mixed,Chow,Eosinophils-Abs,12,,,,,0,,84,,,,,,,47,0,0,84,,,,,,,,,,,,,,,,,,,,,,,,,,,,,,,,,,,,,,,,,,,,,,,,,,,,,,
DL-lc-59,1989-03-10,,,Ringtailed Lemur,Male,Mixed,Mixed,Chow,Eosinophils-Abs,3,,,,,0,,,,,,,,240,0,,,,,,,,,,,,,,,,,,,,,,,,,,,,,,,,,,,,,,,,,,,,,,,,,,,,,,,,,
DL-lc-6,1989-03-15,2015-06-09,26.24,Ringtailed Lemur,Female,Mixed,Mixed,Chow,Eosinophils-Abs,17,,,,,630,0,108,,,,,,,384,88,,0,,,0,,63,,,,,544,,,,,,,,,,,,,,,,,,,,,,,,,,,,,,,,,,,,,,,,,,,,
DL-lc-60,1989-06-07,2004-09-13,15.27,Ringtailed Lemur,Male,Mixed,Mixed,Chow,Eosinophils-Abs,9,,,,111,,108,15,,,,,,,,0,,,,,,,,,,,,,,,,,,,,,,,,,,,,,,,,,,,,,,,,,,,,,,,,,,,,,,,,
DL-lc-61,1990-03-22,1996-12-23,6.75,Ringtailed Lemur,Male,Mixed,Mixed,Chow,Eosinophils-Abs,9,,,,212,0,94,,,,,,,,,,,,,,,,,,,,,,,,,,,,,,,,,,,,,,,,,,,,,,,,,,,,,,,,,,,,,,,,,
DL-lc-62,1990-04-16,2003-11-23,13.60,Ringtailed Lemur,Male,Mixed,Mixed,Chow,Eosinophils-Abs,5,,,,208,0,0,,,,,,,232,0,,,,,,,,,,,,,,,,,,,,,,,,,,,,,,,,,,,,,,,,,,,,,,,,,,,,,,,,,
DL-lc-65,1991-05-13,2015-10-05,24.40,Ringtailed Lemur,Male,Mixed,Mixed,Chow,Eosinophils-Abs,4,,,178,82,,,,,,,455,,,,,,,,,,,,,,,,,,,,,,,,,,,,,,,,,,,,,,,,,,,,,,,,,,,,,,,,,,,,
DL-lc-66,1991-05-23,,,Ringtailed Lemur,Male,Mixed,Mixed,Chow,Eosinophils-Abs,12,,0,468,0,,,0,,,,93,,0,,0,80,,,130,,0,,,,0,83,,,,,,,,,,,,,,,,,,,,,,,,,,,,,,,,,,,,,,,,,,,,,
DL-lc-67,1992-04-06,,,Ringtailed Lemur,Male,Mixed,Mixed,Chow,Eosinophils-Abs,7,,53,37,0,,,,,,,,0,,0,,0,,,,,,,,,,,,,,,,,,,,,,,,,,,,,,,,,,,,,,,,,,,,,,,,,,,,,,,
DL-lc-68,1993-03-17,,,Ringtailed Lemur,Male,Mixed,Mixed,Chow,Eosinophils-Abs,15,150,100,,,,,,,64,64,0,0,0,,0,171,320,,360,,140,,120,280,,,,,,,,,,,,,,,,,,,,,,,,,,,,,,,,,,,,,,,,,,,,,,,
DL-lc-69,1993-03-19,,,Ringtailed Lemur,Male,Mixed,Mixed,Chow,Eosinophils-Abs,3,,160,,,,,0,,,,,,,,,,,,,,,,,,,,,,,,,,,,,,,,,,,,,,,,,,,,,,,,,,,,,,,,,,,,,,,,
DL-lc-7,1989-03-15,2006-12-11,17.74,Ringtailed Lemur,Female,Mixed,Mixed,Chow,Eosinophils-Abs,4,,,,,658,0,75,,,,,,,0,,,,,,,,,,,,,,,,,,,,,,,,,,,,,,,,,,,,,,,,,,,,,,,,,,,,,,,,,
DL-lc-70,1993-03-21,,,Ringtailed Lemur,Male,Mixed,Mixed,Chow,Eosinophils-Abs,10,0,0,,,,,,,,0,0,0,,0,,,0,249,,,96,,77,,,,,,,,,,,,,,,,,,,,,,,,,,,,,,,,,,,,,,,,,,,,,,,,
DL-lc-71,1994-03-19,2008-10-23,14.59,Ringtailed Lemur,Male,Mixed,Mixed,Chow,Eosinophils-Abs,11,0,106,,0,,,,,,,,,,,,,,,,,,,,,,,,,,,,,,,,,,,,,,,,,,,,,,,,,,,,,,,,,,,,,,,,,,,
DL-lc-72,1994-03-23,2018-12-29,24.77,Ringtailed Lemur,Male,Mixed,Mixed,Chow,Eosinophils-Abs,11,104,37,,196,,0,,,,,,,,,,,,,,,,,,,,,,,,,,,,,,,,,,,,,,,,,,,,,,,,,,,,,,,,,,,,,,,,,
DL-lc-73,1994-05-04,,,Ringtailed Lemur,Male,Mixed,Mixed,Chow,Eosinophils-Abs,3,69,192.5,,,,,,,,,,,,,,,,,,,,,,,,,,,,,,,,,,,,,,,,,,,,,,,,,,,,,,,,,,,,,,,,,,,,,
DL-lc-74,1994-05-10,1999-10-14,5.43,Ringtailed Lemur,Male,Mixed,Mixed,Chow,Eosinophils-Abs,2,0,0,,,,,,,,,,,,,,,,,,,,,,,,,,,,,,,,,,,,,,,,,,,,,,,,,,,,,,,,,,,,,,,,,,,,,
DL-lc-75,1995-03-16,2017-06-08,22.23,Ringtailed Lemur,Male,Mixed,Mixed,Chow,Eosinophils-Abs,2,0,,,,0,,,,,,,,,,,,,,,,,,,,,,,,,,,,,,,,,,,,,,,,,,,,,,,,,,,,,,,,,,,,,,,,,,
DL-lc-76,1995-03-23,,,Ringtailed Lemur,Male,Mixed,Mixed,Chow,Eosinophils-Abs,15,292.5,,129,,,,450,,0,212,,0,,486,,,,130,,73,0,,,,,,,,,,,,,,,,,,,,,,,,,,,,,,,,,,,,,,,,,,,,,,,,,,
DL-lc-77,1995-06-04,,,Ringtailed Lemur,Male,Mixed,Mixed,Chow,Eosinophils-Abs,2,,,0,,0,,,,,,,,,,,,,,,,,,,,,,,,,,,,,,,,,,,,,,,,,,,,,,,,,,,,,,,,,,,,,,,,,,
DL-lc-78,1996-03-17,2003-09-01,7.46,Ringtailed Lemur,Male,Mixed,Mixed,Chow,Eosinophils-Abs,2,,,,,,0,49,,,,,,,,,,,,,,,,,,,,,,,,,,,,,,,,,,,,,,,,,,,,,,,,,,,,,,,,,,,,,,,,
DL-lc-8,1989-03-15,2016-05-19,27.18,Ringtailed Lemur,Female,Mixed,Mixed,Chow,Eosinophils-Abs,6,,,,,,54,24.5,,,,,,290,,,,,,,,,,,,,,,,,,,,,,,,,,,,,,,,,,,,,,,,,,,,,,,,,,,,,,,,,,
DL-lc-81,1996-05-29,2002-09-13,6.29,Ringtailed Lemur,Male,Mixed,Mixed,Chow,Eosinophils-Abs,1,,,,,,0,,,,,,,,,,,,,,,,,,,,,,,,,,,,,,,,,,,,,,,,,,,,,,,,,,,,,,,,,,,,,,,,,
DL-lc-82,1997-04-09,2015-12-21,18.70,Ringtailed Lemur,Male,Mixed,Mixed,Chow,Eosinophils-Abs,1,,,0,,,,,,,,,,,,,,,,,,,,,,,,,,,,,,,,,,,,,,,,,,,,,,,,,,,,,,,,,,,,,,,,,,,,
DL-lc-83,1997-04-09,,,Ringtailed Lemur,Male,Mixed,Mixed,Chow,Eosinophils-Abs,1,,,0,,,,,,,,,,,,,,,,,,,,,,,,,,,,,,,,,,,,,,,,,,,,,,,,,,,,,,,,,,,,,,,,,,,,
DL-lc-85,2000-03-26,2013-09-30,13.51,Ringtailed Lemur,Male,Mixed,Mixed,Chow,Eosinophils-Abs,1,,640,,,,,,,,,,,,,,,,,,,,,,,,,,,,,,,,,,,,,,,,,,,,,,,,,,,,,,,,,,,,,,,,,,,,,
DL-lc-86,2002-03-29,,,Ringtailed Lemur,Male,Mixed,Mixed,Chow,Eosinophils-Abs,2,,89,,49,,,,,,,,,,,,,,,,,,,,,,,,,,,,,,,,,,,,,,,,,,,,,,,,,,,,,,,,,,,,,,,,,,,
DL-lc-87,2003-04-15,,,Ringtailed Lemur,Male,Mixed,Mixed,Chow,Eosinophils-Abs,3,,,33,0,,,,,,,,,,,,,,,,,,,,,,,,,,,,,,,,,,,,,,,,,,,,,,,,,,,,,,,,,,,,,,,,,,,
DL-lc-89,2004-03-28,,,Ringtailed Lemur,Male,Mixed,Mixed,Chow,Eosinophils-Abs,6,0,,,65,,184,,,159,,,,,0,282,,,,,,,,,,,,,,,,,,,,,,,,,,,,,,,,,,,,,,,,,,,,,,,,,,,,,,,,
DL-lc-9,1989-04-20,2003-03-11,13.89,Ringtailed Lemur,Female,Mixed,Mixed,Chow,Eosinophils-Abs,4,,,,,300,,97,,,,,,,,,,,,,,,,,,,,,,,,,,,,,,,,,,,,,,,,,,,,,,,,,,,,,,,,,,,,,,,,
DL-lc-90,2004-05-04,,,Ringtailed Lemur,Male,Mixed,Mixed,Chow,Eosinophils-Abs,3,0,,,,,360,,94,,,,,,,,,,,,,,,,,,,,,,,,,,,,,,,,,,,,,,,,,,,,,,,,,,,,,,,,,,,,,,,
DL-lc-92,1999-07-23,,,Ringtailed Lemur,Male,Mixed,Mixed,Chow,Eosinophils-Abs,3,,,,,,,,0,,0,,108,,,,,,,,,,,,,,,,,,,,,,,,,,,,,,,,,,,,,,,,,,,,,,,,,,,,,,,,,,,
DL-lc-93,2000-03-25,2011-10-07,11.54,Ringtailed Lemur,Male,Mixed,Mixed,Chow,Eosinophils-Abs,2,,,,,,,,65,,,65,,,,,,,,,,,,,,,,,,,,,,,,,,,,,,,,,,,,,,,,,,,,,,,,,,,,,,,,,,,,
DL-lc-94,2002-05-15,,,Ringtailed Lemur,Male,Mixed,Mixed,Chow,Eosinophils-Abs,5,,,,,,0,,47,,34,,,,144,,408,,,,,,,,,,,,,,,,,,,,,,,,,,,,,,,,,,,,,,,,,,,,,,,,,,,,,,,
DL-lc-95,2005-03-18,,,Ringtailed Lemur,Male,Mixed,Mixed,Chow,Eosinophils-Abs,3,,0,,,64,96,,,,,,,,,,,,,,,,,,,,,,,,,,,,,,,,,,,,,,,,,,,,,,,,,,,,,,,,,,,,,,,,,
DL-lc-96,1983-05-16,2016-01-29,32.70,Ringtailed Lemur,Male,Mixed,Mixed,Chow,Eosinophils-Abs,5,,,,,,,,,,,,,,,,,,,,,,,,,0,,74,,216,,336,171,,,,,,,,,,,,,,,,,,,,,,,,,,,,,,,,,,,,,,,
DL-lc-97,2006-04-19,,,Ringtailed Lemur,Male,Mixed,Mixed,Chow,Eosinophils-Abs,4,0,,,516,104,0,,,,,,,,,,,,,,,,,,,,,,,,,,,,,,,,,,,,,,,,,,,,,,,,,,,,,,,,,,,,,,,,,
DL-lc-98,2006-05-19,,,Ringtailed Lemur,Male,Mixed,Mixed,Chow,Eosinophils-Abs,4,0,,,192,0,166,,,,,,,,,,,,,,,,,,,,,,,,,,,,,,,,,,,,,,,,,,,,,,,,,,,,,,,,,,,,,,,,,
DL-lc-99,2007-05-30,,,Ringtailed Lemur,Male,Mixed,Mixed,Chow,Eosinophils-Abs,2,,0,325,,,,,,,,,,,,,,,,,,,,,,,,,,,,,,,,,,,,,,,,,,,,,,,,,,,,,,,,,,,,,,,,,,,,
DL-lt-10,1985-08-22,2001-12-25,16.34,Slender Loris,Male,Mixed,Inside,Chow,Eosinophils-Abs,1,,,,,,,,,,,,,,,0,,,,,,,,,,,,,,,,,,,,,,,,,,,,,,,,,,,,,,,,,,,,,,,,,,,,,,,,
DL-lt-14,1990-02-26,1998-12-27,8.84,Slender Loris,Male,Mixed,Inside,Chow,Eosinophils-Abs,1,,,158,,,,,,,,,,,,,,,,,,,,,,,,,,,,,,,,,,,,,,,,,,,,,,,,,,,,,,,,,,,,,,,,,,,,
DL-lt-16,1991-01-23,2009-06-14,18.39,Slender Loris,Male,Mixed,Inside,Chow,Eosinophils-Abs,1,,,,,,,,,,,,,,198,,,,,,,,,,,,,,,,,,,,,,,,,,,,,,,,,,,,,,,,,,,,,,,,,,,,,,,,,
DL-lt-18,1991-03-22,2009-01-05,17.79,Slender Loris,Male,Mixed,Inside,Chow,Eosinophils-Abs,1,,98,,,,,,,,,,,,,,,,,,,,,,,,,,,,,,,,,,,,,,,,,,,,,,,,,,,,,,,,,,,,,,,,,,,,,
DL-lt-19,1992-10-17,2010-06-16,17.67,Slender Loris,Male,Mixed,Inside,Chow,Eosinophils-Abs,1,,,,,,,,,,,,,,,,,43,,,,,,,,,,,,,,,,,,,,,,,,,,,,,,,,,,,,,,,,,,,,,,,,,,,,,,
DL-lt-4,1988-06-24,2001-11-18,13.40,Slender Loris,Female,Mixed,Inside,Chow,Eosinophils-Abs,1,,,,,0,,,,,,,,,,,,,,,,,,,,,,,,,,,,,,,,,,,,,,,,,,,,,,,,,,,,,,,,,,,,,,,,,,
DL-lt-5,1990-05-11,2000-08-16,10.26,Slender Loris,Female,Mixed,Inside,Chow,Eosinophils-Abs,1,,,157,,,,,,,,,,,,,,,,,,,,,,,,,,,,,,,,,,,,,,,,,,,,,,,,,,,,,,,,,,,,,,,,,,,,
DL-MA-1,1984-03-29,2014-12-03,30.68,Common Black Lemur,Female,Mixed,Mixed,Chow,Eosinophils-Abs,1,,,,,,,,,,,,,,,,,,,,,,,,,,650,,,,,,,,,,,,,,,,,,,,,,,,,,,,,,,,,,,,,,,,,,,,,
DL-MA-10,1986-04-20,2014-06-10,28.14,Common Black Lemur,Male,Mixed,Mixed,Chow,Eosinophils-Abs,4,,,,,,,,,,0,,450,,,,,84,,,,,,,,,,,,,,,,,,,,,,,,,,,,,,,,,,,,,,,,,,,,,,,,,,,,,,
DL-MA-11,1987-03-10,2010-02-25,22.96,Common Black Lemur,Male,Mixed,Mixed,Chow,Eosinophils-Abs,7,,,,,,,,,70,,,,,,,72,192,,158,,128,,100,,,,,,,,,,,,,,,,,,,,,,,,,,,,,,,,,,,,,,,,,,,,,,,,
DL-MA-12,1989-03-15,2013-12-26,24.78,Common Black Lemur,Male,Mixed,Mixed,Chow,Eosinophils-Abs,6,,,,,,,0,,,,,,,,91,0,,140,,,59,,336,,,,,,,,,,,,,,,,,,,,,,,,,,,,,,,,,,,,,,,,,,,,,,,,
DL-MA-13,1989-03-18,2013-11-06,24.64,Common Black Lemur,Male,Mixed,Mixed,Chow,Eosinophils-Abs,6,,,,,,,164,,,,,,,200,115,,240,,,88,,,,260,,,,,,,,,,,,,,,,,,,,,,,,,,,,,,,,,,,,,,,,,,,,,,,
DL-MA-14,1991-03-26,2014-02-06,22.86,Common Black Lemur,Male,Mixed,Mixed,Chow,Eosinophils-Abs,4,,,228,,176,,,,,,,172,140,,,,,,,,,,,,,,,,,,,,,,,,,,,,,,,,,,,,,,,,,,,,,,,,,,,,,,,,,,
DL-MA-15,1988-04-03,2007-11-10,19.60,Common Black Lemur,Female,Mixed,Mixed,Chow,Eosinophils-Abs,1,,,,,,0,,,,,,,,,,,,,,,,,,,,,,,,,,,,,,,,,,,,,,,,,,,,,,,,,,,,,,,,,,,,,,,,,
DL-MA-16,1983-03-13,1994-10-29,11.63,Common Black Lemur,Male,Mixed,Mixed,Chow,Eosinophils-Abs,1,,,,,,,,,,,88,,,,,,,,,,,,,,,,,,,,,,,,,,,,,,,,,,,,,,,,,,,,,,,,,,,,,,,,,,,,
DL-MA-17,1985-03-25,1998-01-02,12.77,Common Black Lemur,Male,Mixed,Mixed,Chow,Eosinophils-Abs,1,,,,,,,,,0,,,,,,,,,,,,,,,,,,,,,,,,,,,,,,,,,,,,,,,,,,,,,,,,,,,,,,,,,,,,,,
DL-MA-18,1979-04-10,1996-11-29,17.64,Common Black Lemur,Male,Mixed,Mixed,Chow,Eosinophils-Abs,2,,,,,,,,,,,,,,,0,,114,,,,,,,,,,,,,,,,,,,,,,,,,,,,,,,,,,,,,,,,,,,,,,,,,,,,,,
DL-MA-3,1984-06-27,2018-10-24,34.32,Common Black Lemur,Female,Mixed,Mixed,Chow,Eosinophils-Abs,9,,,,,,,,52,,,,,,,0,,,,0,61,,126,171,,,153,,,162,,,,,,,,,,,,,,,,,,,,,,,,,,,,,,,,,,,,,,,,,,
DL-MA-4,1989-03-15,2002-01-09,12.82,Common Black Lemur,Female,Mixed,Mixed,Chow,Eosinophils-Abs,2,,,,,,,114,,74,,,,,,,,,,,,,,,,,,,,,,,,,,,,,,,,,,,,,,,,,,,,,,,,,,,,,,,,,,,,,,
DL-MA-5,1990-03-08,2011-07-20,21.37,Common Black Lemur,Female,Mixed,Mixed,Chow,Eosinophils-Abs,2,,,,,,60,,186,,,,,,,,,,,,,,,,,,,,,,,,,,,,,,,,,,,,,,,,,,,,,,,,,,,,,,,,,,,,,,,
DL-MA-6,1990-03-26,1997-05-14,7.14,Common Black Lemur,Female,Mixed,Mixed,Chow,Eosinophils-Abs,1,,,,,,456,,,,,,,,,,,,,,,,,,,,,,,,,,,,,,,,,,,,,,,,,,,,,,,,,,,,,,,,,,,,,,,,,
DL-MA-7,1993-03-07,2012-06-27,19.30,Common Black Lemur,Female,Mixed,Mixed,Chow,Eosinophils-Abs,3,,,,,,0,,,,0,53,,,,,,,,,,,,,,,,,,,,,,,,,,,,,,,,,,,,,,,,,,,,,,,,,,,,,,,,,,,,
DL-MA-9,1984-03-22,2018-09-04,34.45,Common Black Lemur,Male,Mixed,Mixed,Chow,Eosinophils-Abs,7,,,,,,,,,,,,240,,,,,,,93,145,,160,,154,,63,,214,,,,,,,,,,,,,,,,,,,,,,,,,,,,,,,,,,,,,,,,,,,
DL-MC-1,1982-09-02,1997-05-23,14.72,Northern Giant Mouse Lemur,Female,Mixed,Inside,Chow,Eosinophils-Abs,5,,,,,,,,,,,318,,,,,,,,,,,,,,,,,,,,,,,,,,,,,,,,,,,,,,,,,,,,,,,,,,,,,,,,,,,,
DL-MC-18,1985-05-31,1999-03-18,13.80,Northern Giant Mouse Lemur,Male,Mixed,Inside,Chow,Eosinophils-Abs,2,,,,,,,,60,200,,,,,,,,,,,,,,,,,,,,,,,,,,,,,,,,,,,,,,,,,,,,,,,,,,,,,,,,,,,,,,
DL-MC-19,1987-04-21,1998-12-11,11.64,Northern Giant Mouse Lemur,Male,Mixed,Inside,Chow,Eosinophils-Abs,2,,,,,,,165,,,,0,,,,,,,,,,,,,,,,,,,,,,,,,,,,,,,,,,,,,,,,,,,,,,,,,,,,,,,,,,,,
DL-MC-2,1983-03-03,1998-02-20,14.96,Northern Giant Mouse Lemur,Female,Mixed,Inside,Chow,Eosinophils-Abs,1,,,,,,,,,,,160,,,,,,,,,,,,,,,,,,,,,,,,,,,,,,,,,,,,,,,,,,,,,,,,,,,,,,,,,,,,
DL-MC-20,1987-04-21,2002-11-20,15.58,Northern Giant Mouse Lemur,Male,Mixed,Inside,Chow,Eosinophils-Abs,2,,,,,,,103,,,,,,,,,,,,,,,,,,,,,,,,,,,,,,,,,,,,,,,,,,,,,,,,,,,,,,,,,,,,,,,,
DL-MC-21,1987-06-15,2004-02-02,16.63,Northern Giant Mouse Lemur,Male,Mixed,Inside,Chow,Eosinophils-Abs,2,,,,,,192,213,,,,,,,,,,,,,,,,,,,,,,,,,,,,,,,,,,,,,,,,,,,,,,,,,,,,,,,,,,,,,,,,
DL-MC-22,1988-01-14,1997-08-15,9.59,Northern Giant Mouse Lemur,Male,Mixed,Inside,Chow,Eosinophils-Abs,1,,,,,258,,,,,,,,,,,,,,,,,,,,,,,,,,,,,,,,,,,,,,,,,,,,,,,,,,,,,,,,,,,,,,,,,,
DL-MC-23,1988-04-18,2003-07-31,15.29,Northern Giant Mouse Lemur,Male,Mixed,Inside,Chow,Eosinophils-Abs,2,,,,,,99,,,202,,,,,,,,,,,,,,,,,,,,,,,,,,,,,,,,,,,,,,,,,,,,,,,,,,,,,,,,,,,,,,
DL-MC-24,1988-04-26,2001-03-21,12.90,Northern Giant Mouse Lemur,Male,Mixed,Inside,Chow,Eosinophils-Abs,2,,,,,,140.5,,,,,,,,,,,,,,,,,,,,,,,,,,,,,,,,,,,,,,,,,,,,,,,,,,,,,,,,,,,,,,,,,
DL-MC-25,1990-05-12,2005-04-04,14.90,Northern Giant Mouse Lemur,Male,Mixed,Inside,Chow,Eosinophils-Abs,1,,,,,,,,,,,,,,432,,,,,,,,,,,,,,,,,,,,,,,,,,,,,,,,,,,,,,,,,,,,,,,,,,,,,,,,,
DL-MC-26,1991-03-19,2006-01-24,14.85,Northern Giant Mouse Lemur,Male,Mixed,Inside,Chow,Eosinophils-Abs,5,,60,0,,,,,0,,,,,,0,,,,,,,,,,,,,,,,,,,,,,,,,,,,,,,,,,,,,,,,,,,,,,,,,,,,,,,,,
DL-MC-28,1993-08-02,2010-05-16,16.79,Northern Giant Mouse Lemur,Male,Mixed,Inside,Chow,Eosinophils-Abs,2,,,,,0,,,,,,,,,,504,,,,,,,,,,,,,,,,,,,,,,,,,,,,,,,,,,,,,,,,,,,,,,,,,,,,,,,,
DL-MC-30,1994-06-02,2012-06-18,18.04,Northern Giant Mouse Lemur,Male,Mixed,Inside,Chow,Eosinophils-Abs,3,,,,,,,,,69,,,264,,86,,,,,,,,,,,,,,,,,,,,,,,,,,,,,,,,,,,,,,,,,,,,,,,,,,,,,,,,,
DL-MC-32,1995-09-15,2009-07-16,13.84,Northern Giant Mouse Lemur,Male,Mixed,Inside,Chow,Eosinophils-Abs,1,,,,,,,,,360,,,,,,,,,,,,,,,,,,,,,,,,,,,,,,,,,,,,,,,,,,,,,,,,,,,,,,,,,,,,,,
DL-MC-6,1987-05-26,1999-04-20,11.90,Northern Giant Mouse Lemur,Female,Mixed,Inside,Chow,Eosinophils-Abs,2,,,,,,292,186,,,,,,,,,,,,,,,,,,,,,,,,,,,,,,,,,,,,,,,,,,,,,,,,,,,,,,,,,,,,,,,,
DL-mf-1,1988-04-22,2002-04-24,14.01,Blue-eyed Black Lemur,Female,Mixed,Mixed,Chow,Eosinophils-Abs,3,,,,,,,,30.5,1134,,,,,,,,,,,,,,,,,,,,,,,,,,,,,,,,,,,,,,,,,,,,,,,,,,,,,,,,,,,,,,
DL-mf-10,1997-03-22,2020-09-12,23.47,Blue-eyed Black Lemur,Female,Mixed,Mixed,Chow,Eosinophils-Abs,2,,,,,,222,280,,,,,,,,,,,,,,,,,,,,,,,,,,,,,,,,,,,,,,,,,,,,,,,,,,,,,,,,,,,,,,,,
DL-mf-11,1997-03-30,,,Blue-eyed Black Lemur,Female,Mixed,Mixed,Chow,Eosinophils-Abs,1,279,,,,,,,,,,,,,,,,,,,,,,,,,,,,,,,,,,,,,,,,,,,,,,,,,,,,,,,,,,,,,,,,,,,,,,
DL-mf-12,2002-03-04,2006-01-06,3.84,Blue-eyed Black Lemur,Female,Mixed,Mixed,Chow,Eosinophils-Abs,1,66,,,,,,,,,,,,,,,,,,,,,,,,,,,,,,,,,,,,,,,,,,,,,,,,,,,,,,,,,,,,,,,,,,,,,,
DL-mf-15,1988-05-09,2011-03-25,22.88,Blue-eyed Black Lemur,Male,Mixed,Mixed,Chow,Eosinophils-Abs,10,,,,,,,,715,,,,,42,,0,183,,166,,,,298.5,,,,,,,,,,,,,,,,,,,,,,,,,,,,,,,,,,,,,,,,,,,,,,,,,
DL-mf-16,1989-03-19,2008-01-17,18.83,Blue-eyed Black Lemur,Male,Mixed,Mixed,Chow,Eosinophils-Abs,3,,,,,,,,,,,,,,246,,720,,292,,,,,,,,,,,,,,,,,,,,,,,,,,,,,,,,,,,,,,,,,,,,,,,,,,,,,
DL-mf-18,1990-03-09,,,Blue-eyed Black Lemur,Male,Mixed,Mixed,Chow,Eosinophils-Abs,10,,,,,,59.5,,,,,101,,,616,,,,,,,564.6,,,460,,271.5,345,,,,,,,,,,,,,,,,,,,,,,,,,,,,,,,,,,,,,,,,,,,,
DL-mf-19,1990-03-30,1996-04-21,6.06,Blue-eyed Black Lemur,Male,Mixed,Mixed,Chow,Eosinophils-Abs,1,,,,,,624,,,,,,,,,,,,,,,,,,,,,,,,,,,,,,,,,,,,,,,,,,,,,,,,,,,,,,,,,,,,,,,,,
DL-mf-2,1991-05-21,2009-07-10,18.14,Blue-eyed Black Lemur,Female,Mixed,Mixed,Chow,Eosinophils-Abs,3,,,,,648,,,,,138,,123,,,,,,,,,,,,,,,,,,,,,,,,,,,,,,,,,,,,,,,,,,,,,,,,,,,,,,,,,,,
DL-mf-20,1991-03-28,2018-08-15,27.38,Blue-eyed Black Lemur,Male,Mixed,Mixed,Chow,Eosinophils-Abs,10,,,,,258,,,,,,,134,126,,605,,,212,,172,,52,,,714,616,,,,,,,,,,,,,,,,,,,,,,,,,,,,,,,,,,,,,,,,,,,,,
DL-mf-21,1991-03-30,2012-03-06,20.94,Blue-eyed Black Lemur,Male,Mixed,Mixed,Chow,Eosinophils-Abs,3,,,,,0,,475,,,,,,,,,,,,,,,,,,,,,,,,,,,,,,,,,,,,,,,,,,,,,,,,,,,,,,,,,,,,,,,,
DL-mf-22,1992-03-13,2014-07-29,22.38,Blue-eyed Black Lemur,Male,Mixed,Mixed,Chow,Eosinophils-Abs,10,,,,496,505,,,,0,,152,,280,,260,,960,,497,,106,,0,,,,,,,,,,,,,,,,,,,,,,,,,,,,,,,,,,,,,,,,,,,,,,,,
DL-mf-23,1994-03-18,2016-12-22,22.76,Blue-eyed Black Lemur,Male,Mixed,Mixed,Chow,Eosinophils-Abs,3,,564,,,,,,,291,249,,,,,,,,,,,,,,,,,,,,,,,,,,,,,,,,,,,,,,,,,,,,,,,,,,,,,,,,,,,,,
DL-mf-24,1995-03-07,1997-09-19,2.53,Blue-eyed Black Lemur,Male,Mixed,Mixed,Chow,Eosinophils-Abs,1,,248,,,,,,,,,,,,,,,,,,,,,,,,,,,,,,,,,,,,,,,,,,,,,,,,,,,,,,,,,,,,,,,,,,,,,
DL-mf-25,1995-04-01,2003-11-14,8.62,Blue-eyed Black Lemur,Male,Mixed,Mixed,Chow,Eosinophils-Abs,1,,,,0,,,,,,,,,,,,,,,,,,,,,,,,,,,,,,,,,,,,,,,,,,,,,,,,,,,,,,,,,,,,,,,,,,,
DL-mf-26,1995-04-05,2012-06-03,17.16,Blue-eyed Black Lemur,Male,Mixed,Mixed,Chow,Eosinophils-Abs,1,,0,,,,,,,,,,,,,,,,,,,,,,,,,,,,,,,,,,,,,,,,,,,,,,,,,,,,,,,,,,,,,,,,,,,,,
DL-mf-27,1996-03-11,2015-03-21,19.03,Blue-eyed Black Lemur,Male,Mixed,Mixed,Chow,Eosinophils-Abs,4,0,,,,,,,,,,0,,,,,,0,,,,,,,,,,,,,,,,,,,,,,,,,,,,,,,,,,,,,,,,,,,,,,,,,,,,,,
DL-mf-28,1997-03-15,,,Blue-eyed Black Lemur,Male,Mixed,Mixed,Chow,Eosinophils-Abs,1,,,,0,,,,,,,,,,,,,,,,,,,,,,,,,,,,,,,,,,,,,,,,,,,,,,,,,,,,,,,,,,,,,,,,,,,
DL-mf-29,1997-03-20,2013-05-29,16.19,Blue-eyed Black Lemur,Male,Mixed,Mixed,Chow,Eosinophils-Abs,1,,0,,,,,,,,,,,,,,,,,,,,,,,,,,,,,,,,,,,,,,,,,,,,,,,,,,,,,,,,,,,,,,,,,,,,,
DL-mf-3,1992-03-13,,,Blue-eyed Black Lemur,Female,Mixed,Mixed,Chow,Eosinophils-Abs,11,,,,,384,,,0,0,,,288,,,,,,,480,,,476,,325,494,0,,,,,,,,,,,,,,,,,,,,,,,,,,,,,,,,,,,,,,,,,,,,,
DL-mf-30,1998-03-09,,,Blue-eyed Black Lemur,Male,Mixed,Mixed,Chow,Eosinophils-Abs,3,,,,,,,,,132.5,,256,,,,,,,,,,,,,,,,,,,,,,,,,,,,,,,,,,,,,,,,,,,,,,,,,,,,,,,,,,,,
DL-mf-31,1999-04-23,2019-09-15,20.39,Blue-eyed Black Lemur,Male,Mixed,Mixed,Chow,Eosinophils-Abs,6,,,,,,,,35,,232,,316,,912,,228,,,,,,,,,,,,,,,,,,,,,,,,,,,,,,,,,,,,,,,,,,,,,,,,,,,,,,,
DL-mf-32,2000-03-20,,,Blue-eyed Black Lemur,Male,Mixed,Mixed,Chow,Eosinophils-Abs,5,0,,,,,,83,516,,,,,,,,,136.2,,,,,,,,,,,,,,,,,,,,,,,,,,,,,,,,,,,,,,,,,,,,,,,,,,,,,,
DL-mf-33,2001-03-09,,,Blue-eyed Black Lemur,Male,Mixed,Mixed,Chow,Eosinophils-Abs,6,,0,,261,,276,,,814,,,198,,360,,,,,,,,,,,,,,,,,,,,,,,,,,,,,,,,,,,,,,,,,,,,,,,,,,,,,,,,,
DL-mf-34,2002-01-24,,,Blue-eyed Black Lemur,Male,Mixed,Mixed,Chow,Eosinophils-Abs,4,,,,,150,,126,,,,,252,,959,,,,,,,,,,,,,,,,,,,,,,,,,,,,,,,,,,,,,,,,,,,,,,,,,,,,,,,,,
DL-mf-35,2003-06-21,2015-01-10,11.55,Blue-eyed Black Lemur,Male,Mixed,Mixed,Chow,Eosinophils-Abs,2,,,180,,116,,,,,,,,,,,,,,,,,,,,,,,,,,,,,,,,,,,,,,,,,,,,,,,,,,,,,,,,,,,,,,,,,,
DL-mf-36,1999-03-03,,,Blue-eyed Black Lemur,Male,Mixed,Mixed,Chow,Eosinophils-Abs,3,,,,,,,,186,,410,,,,,,,,,,,,,,,,,,,,,,,,,,,,,,,,,,,,,,,,,,,,,,,,,,,,,,,,,,,,,
DL-mf-37,2009-03-23,,,Blue-eyed Black Lemur,Male,Mixed,Mixed,Chow,Eosinophils-Abs,1,1236,,,,,,,,,,,,,,,,,,,,,,,,,,,,,,,,,,,,,,,,,,,,,,,,,,,,,,,,,,,,,,,,,,,,,,
DL-mf-38,2009-03-23,,,Blue-eyed Black Lemur,Male,Mixed,Mixed,Chow,Eosinophils-Abs,3,1170,,,406,,,366,,,,,,,,,,,,,,,,,,,,,,,,,,,,,,,,,,,,,,,,,,,,,,,,,,,,,,,,,,,,,,,,
DL-mf-4,1992-04-18,2010-09-15,18.41,Blue-eyed Black Lemur,Female,Mixed,Mixed,Chow,Eosinophils-Abs,6,,,0,393,,,,,,,,184,,,,,148,0,,,,,,,,,,,,,,,,,,,,,,,,,,,,,,,,,,,,,,,,,,,,,,,,,,,,,
DL-mf-5,1993-03-11,2007-05-07,14.16,Blue-eyed Black Lemur,Female,Mixed,Mixed,Chow,Eosinophils-Abs,5,,,198.5,,,,,,,134,360,,440,,,,,,,,,,,,,,,,,,,,,,,,,,,,,,,,,,,,,,,,,,,,,,,,,,,,,,,,,,
DL-mf-6,1993-03-13,2016-09-22,23.52,Blue-eyed Black Lemur,Female,Mixed,Mixed,Chow,Eosinophils-Abs,4,,,651,,,,,150,1378,,,,,,,,,,,,,,,,,,,,,,,,,,,,,,,,,,,,,,,,,,,,,,,,,,,,,,,,,,,,,,
DL-mf-7,1994-03-15,,,Blue-eyed Black Lemur,Female,Mixed,Mixed,Chow,Eosinophils-Abs,8,,,1440,,,,,,,,,,292,240,,,,,,,123.9,,156,,0,,,,,,,,,,,,,,,,,,,,,,,,,,,,,,,,,,,,,,,,,,,,,,
DL-mf-8,1995-03-17,,,Blue-eyed Black Lemur,Female,Mixed,Mixed,Chow,Eosinophils-Abs,2,,,,,,0,,,,,,,,,,,,,820,,,,,,,,,,,,,,,,,,,,,,,,,,,,,,,,,,,,,,,,,,,,,,,,,,,,
DL-mf-9,1996-03-14,2013-12-20,17.77,Blue-eyed Black Lemur,Female,Mixed,Mixed,Chow,Eosinophils-Abs,6,,,,,,,477,,61,,132,114,284,,177,,,,,,,,,,,,,,,,,,,,,,,,,,,,,,,,,,,,,,,,,,,,,,,,,,,,,,,,
DL-mm-19,2002-10-02,2011-11-07,9.10,Grey Mouse Lemur,Female,Mixed,Inside,Chow,Eosinophils-Abs,1,,,,,,,988,,,,,,,,,,,,,,,,,,,,,,,,,,,,,,,,,,,,,,,,,,,,,,,,,,,,,,,,,,,,,,,,
DL-mm-33,2002-07-29,2013-05-03,10.76,Grey Mouse Lemur,Male,Mixed,Inside,Chow,Eosinophils-Abs,1,,,,,,,,,,,132,,,,,,,,,,,,,,,,,,,,,,,,,,,,,,,,,,,,,,,,,,,,,,,,,,,,,,,,,,,,
DL-nc-1,1987-06-09,2001-11-17,14.44,Slow Loris,Female,Mixed,Inside,Chow,Eosinophils-Abs,2,,,,,,,,,,,,,318,,,,,,,,,,,,,,,,,,,,,,,,,,,,,,,,,,,,,,,,,,,,,,,,,,,,,,,,,,
DL-nc-10,2000-03-09,2019-07-03,19.32,Slow Loris,Female,Mixed,Inside,Chow,Eosinophils-Abs,4,,,,0,,,,,190,,,390,391,,,,,,,,,,,,,,,,,,,,,,,,,,,,,,,,,,,,,,,,,,,,,,,,,,,,,,,,,,
DL-nc-11,1978-09-14,1991-03-07,12.48,Slow Loris,Male,Mixed,Inside,Chow,Eosinophils-Abs,1,,,,194.7,,,,,,,,,,,,,,,,,,,,,,,,,,,,,,,,,,,,,,,,,,,,,,,,,,,,,,,,,,,,,,,,,,,
DL-nc-12,1988-03-14,,,Slow Loris,Male,Mixed,Inside,Chow,Eosinophils-Abs,2,,,,,408,,,,,,51,,,,,,,,,,,,,,,,,,,,,,,,,,,,,,,,,,,,,,,,,,,,,,,,,,,,,,,,,,,,
DL-nc-13,1988-06-11,,,Slow Loris,Male,Mixed,Inside,Chow,Eosinophils-Abs,2,,,,,264,,,,,248,,,,,,,,,,,,,,,,,,,,,,,,,,,,,,,,,,,,,,,,,,,,,,,,,,,,,,,,,,,,,
DL-nc-14,1989-03-02,2009-09-01,20.50,Slow Loris,Male,Mixed,Inside,Chow,Eosinophils-Abs,1,,,,,,,,,,,,0,,,,,,,,,,,,,,,,,,,,,,,,,,,,,,,,,,,,,,,,,,,,,,,,,,,,,,,,,,,
DL-nc-15,1990-04-06,2004-02-16,13.86,Slow Loris,Male,Mixed,Inside,Chow,Eosinophils-Abs,3,,,,,,,,,,,,228,,0,,,,,,,,,,,,,,,,,,,,,,,,,,,,,,,,,,,,,,,,,,,,,,,,,,,,,,,,,
DL-nc-16,1990-08-13,2007-11-26,17.29,Slow Loris,Male,Mixed,Inside,Chow,Eosinophils-Abs,3,,,0,,,,,126,249,,,,,,,,,,,,,,,,,,,,,,,,,,,,,,,,,,,,,,,,,,,,,,,,,,,,,,,,,,,,,,
DL-nc-17,1992-12-28,2011-08-06,18.61,Slow Loris,Male,Mixed,Inside,Chow,Eosinophils-Abs,1,,,,,81,,,,,,,,,,,,,,,,,,,,,,,,,,,,,,,,,,,,,,,,,,,,,,,,,,,,,,,,,,,,,,,,,,
DL-nc-18,1994-02-23,2007-05-07,13.20,Slow Loris,Male,Mixed,Inside,Chow,Eosinophils-Abs,1,,0,,,,,,,,,,,,,,,,,,,,,,,,,,,,,,,,,,,,,,,,,,,,,,,,,,,,,,,,,,,,,,,,,,,,,
DL-nc-2,1989-03-19,2009-01-09,19.81,Slow Loris,Female,Mixed,Inside,Chow,Eosinophils-Abs,1,,,,,,,,,,,,,,,,686,,,,,,,,,,,,,,,,,,,,,,,,,,,,,,,,,,,,,,,,,,,,,,,,,,,,,,,
DL-nc-5,1991-02-17,2001-01-01,9.87,Slow Loris,Female,Mixed,Inside,Chow,Eosinophils-Abs,1,,,,,,,,,,495,,,,,,,,,,,,,,,,,,,,,,,,,,,,,,,,,,,,,,,,,,,,,,,,,,,,,,,,,,,,,
DL-nc-8,1993-05-18,2013-07-30,20.20,Slow Loris,Female,Mixed,Inside,Chow,Eosinophils-Abs,1,,,,,,,,,,,515,,,,,,,,,,,,,,,,,,,,,,,,,,,,,,,,,,,,,,,,,,,,,,,,,,,,,,,,,,,,
DL-nc-9,1994-03-25,2005-05-20,11.15,Slow Loris,Female,Mixed,Inside,Chow,Eosinophils-Abs,1,,49,,,,,,,,,,,,,,,,,,,,,,,,,,,,,,,,,,,,,,,,,,,,,,,,,,,,,,,,,,,,,,,,,,,,,
DL-np-1,1994-03-15,2013-06-14,19.25,Pygmy Slow Loris,Female,Mixed,Inside,Chow,Eosinophils-Abs,2,,,,,,,,,,,,0,,,,0,,,,,,,,,,,,,,,,,,,,,,,,,,,,,,,,,,,,,,,,,,,,,,,,,,,,,,,
DL-np-10,2006-06-01,2015-06-17,9.04,Pygmy Slow Loris,Male,Mixed,Inside,Chow,Eosinophils-Abs,2,,294,,,,,,0,,,,,,,,,,,,,,,,,,,,,,,,,,,,,,,,,,,,,,,,,,,,,,,,,,,,,,,,,,,,,,,
DL-np-11,2008-09-18,,,Pygmy Slow Loris,Female,Mixed,Mixed,Chow,Eosinophils-Abs,3,,0,98,,0,,,,,,,,,,,,,,,,,,,,,,,,,,,,,,,,,,,,,,,,,,,,,,,,,,,,,,,,,,,,,,,,,,
DL-np-12,2007-01-07,,,Pygmy Slow Loris,Female,Mixed,Mixed,Chow,Eosinophils-Abs,1,,,,,,,0,,,,,,,,,,,,,,,,,,,,,,,,,,,,,,,,,,,,,,,,,,,,,,,,,,,,,,,,,,,,,,,,
DL-np-2,1996-04-25,1999-09-10,3.37,Pygmy Slow Loris,Female,Mixed,Inside,Chow,Eosinophils-Abs,1,,,0,,,,,,,,,,,,,,,,,,,,,,,,,,,,,,,,,,,,,,,,,,,,,,,,,,,,,,,,,,,,,,,,,,,,
DL-np-3,2004-10-02,2016-02-27,11.40,Pygmy Slow Loris,Female,Mixed,Inside,Chow,Eosinophils-Abs,1,,,,0,,,,,,,,,,,,,,,,,,,,,,,,,,,,,,,,,,,,,,,,,,,,,,,,,,,,,,,,,,,,,,,,,,,
DL-np-4,2006-06-01,2017-03-04,10.76,Pygmy Slow Loris,Female,Mixed,Inside,Chow,Eosinophils-Abs,3,,0,45,,,,,,,,,,,,,,,,,,,,,,,,,,,,,,,,,,,,,,,,,,,,,,,,,,,,,,,,,,,,,,,,,,,,
DL-np-5,1987-02-17,1998-08-09,11.47,Pygmy Slow Loris,Male,Mixed,Inside,Chow,Eosinophils-Abs,1,,,,,,,,,,,,174,,,,,,,,,,,,,,,,,,,,,,,,,,,,,,,,,,,,,,,,,,,,,,,,,,,,,,,,,,,
DL-np-7,1995-02-15,2009-08-22,14.52,Pygmy Slow Loris,Male,Mixed,Inside,Chow,Eosinophils-Abs,3,,,,,0,,,,,,121,,164,,,,,,,,,,,,,,,,,,,,,,,,,,,,,,,,,,,,,,,,,,,,,,,,,,,,,,,,,,
DL-np-9,2002-03-04,2012-05-08,10.18,Pygmy Slow Loris,Male,Mixed,Inside,Chow,Eosinophils-Abs,5,1440,,,,,,0,,0,,0,,,,,,,,,,,,,,,,,,,,,,,,,,,,,,,,,,,,,,,,,,,,,,,,,,,,,,,,,,,,
DL-pt-1,1998-03-29,2007-02-05,8.85,Golden-crowned Sifaka,Male,Mixed,Mixed,Chow,Eosinophils-Abs,7,0,,0,69,0,0,,0,632,,,,,,,,,,,,,,,,,,,,,,,,,,,,,,,,,,,,,,,,,,,,,,,,,,,,,,,,,,,,,,
DL-VC-10,1998-01-31,2004-06-24,6.40,Coquerel's Lemur,Female,Mixed,Mixed,Chow,Eosinophils-Abs,2,,,,0,0,,,,,,,,,,,,,,,,,,,,,,,,,,,,,,,,,,,,,,,,,,,,,,,,,,,,,,,,,,,,,,,,,,
DL-VC-11,1998-02-22,2017-05-23,19.25,Coquerel's Lemur,Female,Mixed,Mixed,Chow,Eosinophils-Abs,8,,0,,,0,,,35,,168,,81,,,,25,,57,0,,,,,,,,,,,,,,,,,,,,,,,,,,,,,,,,,,,,,,,,,,,,,,,,,,,,
DL-VC-12,1999-02-15,2018-10-17,19.67,Coquerel's Lemur,Female,Mixed,Mixed,Chow,Eosinophils-Abs,6,,,,131,,,,,66,,,,0,,0,0,,,0,,,,,,,,,,,,,,,,,,,,,,,,,,,,,,,,,,,,,,,,,,,,,,,,,,,,
DL-VC-13,1999-02-16,2020-06-09,21.31,Coquerel's Lemur,Female,Mixed,Mixed,Chow,Eosinophils-Abs,8,,,154,130,,,0,,0,,,,,,,0,228,,159,,0,,,,,,,,,,,,,,,,,,,,,,,,,,,,,,,,,,,,,,,,,,,,,,,,,,
DL-VC-14,2000-02-11,2017-01-10,16.91,Coquerel's Lemur,Female,Mixed,Mixed,Chow,Eosinophils-Abs,4,,100,,0,,0,,,,,,,,,,,,,,,,,,,,,,,,,,,,,,,,,,,,,,,,,,,,,,,,,,,,,,,,,,,,,,,,,
DL-VC-15,2000-12-04,,,Coquerel's Lemur,Female,Mixed,Mixed,Chow,Eosinophils-Abs,2,,,,,0,67,,,,,,,,,,,,,,,,,,,,,,,,,,,,,,,,,,,,,,,,,,,,,,,,,,,,,,,,,,,,,,,,,
DL-VC-16,2001-03-11,,,Coquerel's Lemur,Female,Mixed,Mixed,Chow,Eosinophils-Abs,1,0,,,,,,,,,,,,,,,,,,,,,,,,,,,,,,,,,,,,,,,,,,,,,,,,,,,,,,,,,,,,,,,,,,,,,,
DL-VC-17,2004-02-08,2007-05-25,3.30,Coquerel's Lemur,Female,Mixed,Mixed,Chow,Eosinophils-Abs,1,,68,,,,,,,,,,,,,,,,,,,,,,,,,,,,,,,,,,,,,,,,,,,,,,,,,,,,,,,,,,,,,,,,,,,,,
DL-VC-18,2004-02-18,,,Coquerel's Lemur,Female,Mixed,Mixed,Chow,Eosinophils-Abs,7,,130,0,88,,129,,,0,,,,,0,,49,,,,,,,,,,,,,,,,,,,,,,,,,,,,,,,,,,,,,,,,,,,,,,,,,,,,,,,
DL-VC-20,2006-02-14,2020-01-14,13.92,Coquerel's Lemur,Female,Mixed,Mixed,Chow,Eosinophils-Abs,7,0,0,,0,,,,,,,0,0,116.8,,,,,,,,,,,,,,,,,,,,,,,,,,,,,,,,,,,,,,,,,,,,,,,,,,,,,,,,,,
DL-VC-21,2007-01-27,,,Coquerel's Lemur,Female,Mixed,Mixed,Chow,Eosinophils-Abs,4,,189,,0,,0,,70,,,,,,,,,,,,,,,,,,,,,,,,,,,,,,,,,,,,,,,,,,,,,,,,,,,,,,,,,,,,,,,
DL-VC-22,2007-02-07,,,Coquerel's Lemur,Female,Mixed,Mixed,Chow,Eosinophils-Abs,9,,0,39.85,90.5,,,32.7,,,38,,,188,,,,,,,,,,,,,,,,,,,,,,,,,,,,,,,,,,,,,,,,,,,,,,,,,,,,,,,,,,
DL-VC-23,2007-12-21,,,Coquerel's Lemur,Female,Mixed,Mixed,Chow,Eosinophils-Abs,2,,33,,,0,,,,,,,,,,,,,,,,,,,,,,,,,,,,,,,,,,,,,,,,,,,,,,,,,,,,,,,,,,,,,,,,,,
DL-VC-24,2008-01-03,,,Coquerel's Lemur,Female,Mixed,Mixed,Chow,Eosinophils-Abs,2,,0,,102,,,,,,,,,,,,,,,,,,,,,,,,,,,,,,,,,,,,,,,,,,,,,,,,,,,,,,,,,,,,,,,,,,,
DL-VC-25,2009-02-04,,,Coquerel's Lemur,Female,Mixed,Mixed,Chow,Eosinophils-Abs,2,,62,,0,,,,,,,,,,,,,,,,,,,,,,,,,,,,,,,,,,,,,,,,,,,,,,,,,,,,,,,,,,,,,,,,,,,
DL-VC-27,1988-01-20,2016-04-01,28.20,Coquerel's Lemur,Male,Mixed,Mixed,Chow,Eosinophils-Abs,13,,,,,,,0,61,,,,,,,,,,,,,0,,164,,,70,,,,,,,,,,,,,,,,,,,,,,,,,,,,,,,,,,,,,,,,,,,,,
DL-VC-28,1989-12-28,,,Coquerel's Lemur,Male,Mixed,Mixed,Chow,Eosinophils-Abs,9,,,,,,0,,,,0,0,0,,,,,,,,,,,,,,,,,,,,,,,,,,,,,,,,,,,,,,,,,,,,,,,,,,,,,,,,,,,
DL-VC-29,1991-11-02,2012-01-30,20.24,Coquerel's Lemur,Male,Mixed,Mixed,Chow,Eosinophils-Abs,11,,,,0,0,,,0,,90,,0,0,,,,,,,,,,,,,,,,,,,,,,,,,,,,,,,,,,,,,,,,,,,,,,,,,,,,,,,,,,
DL-VC-3,1991-01-24,2006-08-29,15.60,Coquerel's Lemur,Female,Mixed,Mixed,Chow,Eosinophils-Abs,14,,,,,32,0,74,,0,,,,,83,,,,,,,,,,,,,,,,,,,,,,,,,,,,,,,,,,,,,,,,,,,,,,,,,,,,,,,,,
DL-VC-30,1993-03-04,2020-06-25,27.31,Coquerel's Lemur,Male,Mixed,Mixed,Chow,Eosinophils-Abs,13,,,126,234,,,0,0,,42,47,,43,,164,,112,,245,,,,0,,,,,,,,,,,,,,,,,,,,,,,,,,,,,,,,,,,,,,,,,,,,,,,,
DL-VC-31,1994-04-10,2014-11-10,20.58,Coquerel's Lemur,Male,Mixed,Mixed,Chow,Eosinophils-Abs,15,0,0,,,60,,,0,,,0,,62,,41,,41,,35,,,,,,,,,,,,,,,,,,,,,,,,,,,,,,,,,,,,,,,,,,,,,,,,,,,,
DL-VC-32,1994-09-12,2010-06-22,15.78,Coquerel's Lemur,Male,Mixed,Mixed,Chow,Eosinophils-Abs,10,0,24,,0,,,,,,,,0,108,,100,,,,,,,,,,,,,,,,,,,,,,,,,,,,,,,,,,,,,,,,,,,,,,,,,,,,,,,,
DL-VC-33,1994-12-04,2008-04-02,13.33,Coquerel's Lemur,Male,Mixed,Mixed,Chow,Eosinophils-Abs,13,0,,,,0,0,,161,,97,,,0,,,,,,,,,,,,,,,,,,,,,,,,,,,,,,,,,,,,,,,,,,,,,,,,,,,,,,,,,,
DL-VC-35,1995-12-17,,,Coquerel's Lemur,Male,Mixed,Mixed,Chow,Eosinophils-Abs,13,,,0,,,0,0,278,,188,340,0,,104,,0,,0,,73,,,,0,,,,,,,,,,,,,,,,,,,,,,,,,,,,,,,,,,,,,,,,,,,,,,,
DL-VC-36,1998-02-07,1999-07-14,1.44,Coquerel's Lemur,Male,Mixed,Mixed,Chow,Eosinophils-Abs,1,0,,,,,,,,,,,,,,,,,,,,,,,,,,,,,,,,,,,,,,,,,,,,,,,,,,,,,,,,,,,,,,,,,,,,,,
DL-VC-37,1998-12-19,,,Coquerel's Lemur,Male,Mixed,Mixed,Chow,Eosinophils-Abs,3,0,0,0,,,,,,,,,,,,,,,,,,,,,,,,,,,,,,,,,,,,,,,,,,,,,,,,,,,,,,,,,,,,,,,,,,,,
DL-VC-38,1999-02-24,2014-10-09,15.62,Coquerel's Lemur,Male,Mixed,Mixed,Chow,Eosinophils-Abs,3,90,,,,,,0,,48,,,,,,,,,,,,,,,,,,,,,,,,,,,,,,,,,,,,,,,,,,,,,,,,,,,,,,,,,,,,,,
DL-VC-39,2000-02-02,2011-10-15,11.70,Coquerel's Lemur,Male,Mixed,Mixed,Chow,Eosinophils-Abs,4,0,,0,,,34,,,,,,,,,,,,,,,,,,,,,,,,,,,,,,,,,,,,,,,,,,,,,,,,,,,,,,,,,,,,,,,,,
DL-VC-4,1992-03-02,1995-06-07,3.26,Coquerel's Lemur,Female,Mixed,Mixed,Chow,Eosinophils-Abs,1,,,48,,,,,,,,,,,,,,,,,,,,,,,,,,,,,,,,,,,,,,,,,,,,,,,,,,,,,,,,,,,,,,,,,,,,
DL-VC-40,2000-02-18,2004-07-15,4.40,Coquerel's Lemur,Male,Mixed,Mixed,Chow,Eosinophils-Abs,1,,,0,,,,,,,,,,,,,,,,,,,,,,,,,,,,,,,,,,,,,,,,,,,,,,,,,,,,,,,,,,,,,,,,,,,,
DL-VC-41,2001-02-28,2011-06-02,10.26,Coquerel's Lemur,Male,Mixed,Mixed,Chow,Eosinophils-Abs,3,,0,,0,,,,,,0,,,,,,,,,,,,,,,,,,,,,,,,,,,,,,,,,,,,,,,,,,,,,,,,,,,,,,,,,,,,,
DL-VC-42,2001-05-04,2003-08-10,2.27,Coquerel's Lemur,Male,Mixed,Mixed,Chow,Eosinophils-Abs,1,,0,,,,,,,,,,,,,,,,,,,,,,,,,,,,,,,,,,,,,,,,,,,,,,,,,,,,,,,,,,,,,,,,,,,,,
DL-VC-43,2001-12-26,2011-06-28,9.51,Coquerel's Lemur,Male,Mixed,Mixed,Chow,Eosinophils-Abs,2,,0,66,,,,,,,,,,,,,,,,,,,,,,,,,,,,,,,,,,,,,,,,,,,,,,,,,,,,,,,,,,,,,,,,,,,,
DL-VC-44,2002-04-14,,,Coquerel's Lemur,Male,Mixed,Mixed,Chow,Eosinophils-Abs,10,0,,,0,,56,,172,,,,68,234,,85,,0,126,,,,,,,,,,,,,,,,,,,,,,,,,,,,,,,,,,,,,,,,,,,,,,,,,,,,,
DL-VC-45,2003-01-07,2011-07-03,8.49,Coquerel's Lemur,Male,Mixed,Mixed,Chow,Eosinophils-Abs,2,0,57,,,,,,,,,,,,,,,,,,,,,,,,,,,,,,,,,,,,,,,,,,,,,,,,,,,,,,,,,,,,,,,,,,,,,
DL-VC-46,2003-02-12,2005-05-01,2.21,Coquerel's Lemur,Male,Mixed,Mixed,Chow,Eosinophils-Abs,2,0,,0,,,,,,,,,,,,,,,,,,,,,,,,,,,,,,,,,,,,,,,,,,,,,,,,,,,,,,,,,,,,,,,,,,,,
DL-VC-47,2003-03-03,2012-11-27,9.73,Coquerel's Lemur,Male,Mixed,Mixed,Chow,Eosinophils-Abs,4,0,,,,41,0,,,56,,,,,,,,,,,,,,,,,,,,,,,,,,,,,,,,,,,,,,,,,,,,,,,,,,,,,,,,,,,,,,
DL-VC-48,2004-01-15,2009-07-18,5.51,Coquerel's Lemur,Male,Mixed,Mixed,Chow,Eosinophils-Abs,2,,,,0,,0,,,,,,,,,,,,,,,,,,,,,,,,,,,,,,,,,,,,,,,,,,,,,,,,,,,,,,,,,,,,,,,,,
DL-VC-49,2004-02-16,,,Coquerel's Lemur,Male,Mixed,Mixed,Chow,Eosinophils-Abs,7,,,,0,,112,,104,,0,0,,,0,,0,,,,,,,,,,,,,,,,,,,,,,,,,,,,,,,,,,,,,,,,,,,,,,,,,,,,,,,
DL-VC-5,1993-02-28,2007-12-14,14.79,Coquerel's Lemur,Female,Mixed,Mixed,Chow,Eosinophils-Abs,2,,,41.5,,,,,,,,,,,,,,,,,,,,,,,,,,,,,,,,,,,,,,,,,,,,,,,,,,,,,,,,,,,,,,,,,,,,
DL-VC-50,2005-01-07,2016-05-26,11.39,Coquerel's Lemur,Male,Mixed,Mixed,Chow,Eosinophils-Abs,5,,,107,,72,,100,,,,68,,,,,,,,,,,,,,,,,,,,,,,,,,,,,,,,,,,,,,,,,,,,,,,,,,,,,,,,,,,,
DL-VC-52,2007-01-02,2019-04-15,12.29,Coquerel's Lemur,Male,Mixed,Mixed,Chow,Eosinophils-Abs,6,,,,93,,,,,0,0,,0,,,,,,,,,,,,,,,,,,,,,,,,,,,,,,,,,,,,,,,,,,,,,,,,,,,,,,,,,,,
DL-VC-53,2008-01-25,,,Coquerel's Lemur,Male,Mixed,Mixed,Chow,Eosinophils-Abs,4,,65,,0,,,,92,,0,,,,,,,,,,,,,,,,,,,,,,,,,,,,,,,,,,,,,,,,,,,,,,,,,,,,,,,,,,,,,
DL-VC-54,2008-12-31,2015-07-06,6.52,Coquerel's Lemur,Male,Mixed,Mixed,Chow,Eosinophils-Abs,2,,0,,,0,,,,,,,,,,,,,,,,,,,,,,,,,,,,,,,,,,,,,,,,,,,,,,,,,,,,,,,,,,,,,,,,,,
DL-VC-55,2009-12-15,,,Coquerel's Lemur,Male,Mixed,Mixed,Chow,Eosinophils-Abs,4,0,,,,0,,0,,0,,,,,,,,,,,,,,,,,,,,,,,,,,,,,,,,,,,,,,,,,,,,,,,,,,,,,,,,,,,,,,
DL-VC-56,2007-08-06,,,Coquerel's Lemur,Female,Mixed,Mixed,Chow,Eosinophils-Abs,3,,,0,144,,,,,,300,,,,,,,,,,,,,,,,,,,,,,,,,,,,,,,,,,,,,,,,,,,,,,,,,,,,,,,,,,,,,
DL-VC-57,2009-12-25,2017-07-31,7.60,Coquerel's Lemur,Female,Mixed,Mixed,Chow,Eosinophils-Abs,3,,33,,,0,,,81,,,,,,,,,,,,,,,,,,,,,,,,,,,,,,,,,,,,,,,,,,,,,,,,,,,,,,,,,,,,,,,
DL-VC-58,1972-02-10,2002-09-05,30.57,Coquerel's Lemur,Male,Mixed,Mixed,Chow,Eosinophils-Abs,2,,,,,,,,,,,,,,,,,,,,,,,228,,,,,,,0,,,,,,,,,,,,,,,,,,,,,,,,,,,,,,,,,,,,,,,,,
DL-VC-59,2010-02-03,2017-08-08,7.51,Coquerel's Lemur,Male,Mixed,Mixed,Chow,Eosinophils-Abs,4,,252,,,,92,94,,,,,,,,,,,,,,,,,,,,,,,,,,,,,,,,,,,,,,,,,,,,,,,,,,,,,,,,,,,,,,,,
DL-VC-6,1993-04-06,2019-09-20,26.46,Coquerel's Lemur,Female,Mixed,Mixed,Chow,Eosinophils-Abs,13,,0,0,,,,0,,0,0,,,54,,30,,,0,0,,,0,83,,0,,,,,,,,,,,,,,,,,,,,,,,,,,,,,,,,,,,,,,,,,,,,,,
DL-VC-7,1996-12-08,2009-07-20,12.62,Coquerel's Lemur,Female,Mixed,Mixed,Chow,Eosinophils-Abs,3,,,0,0,0,,,,,,,,,,,,,,,,,,,,,,,,,,,,,,,,,,,,,,,,,,,,,,,,,,,,,,,,,,,,,,,,,,
DL-VC-8,1996-12-17,2005-05-26,8.44,Coquerel's Lemur,Female,Mixed,Mixed,Chow,Eosinophils-Abs,5,,,,0,0,,0,0,,,,,,,,,,,,,,,,,,,,,,,,,,,,,,,,,,,,,,,,,,,,,,,,,,,,,,,,,,,,,,,
DL-vr-1,1981-03-30,2016-04-28,35.08,Red-ruffed Lemur,Female,Mixed,Mixed,Chow,Eosinophils-Abs,3,,,,,,,,,,,,,,,,,,,,68,,,0,,0,,,,,,,,,,,,,,,,,,,,,,,,,,,,,,,,,,,,,,,,,,,,,,
DL-vr-12,1991-04-14,2008-04-19,17.01,Red-ruffed Lemur,Female,Mixed,Mixed,Chow,Eosinophils-Abs,1,,,,,,704,,,,,,,,,,,,,,,,,,,,,,,,,,,,,,,,,,,,,,,,,,,,,,,,,,,,,,,,,,,,,,,,,
DL-vr-13,1991-05-20,,,Red-ruffed Lemur,Female,Mixed,Mixed,Chow,Eosinophils-Abs,1,,,,,226,,,,,,,,,,,,,,,,,,,,,,,,,,,,,,,,,,,,,,,,,,,,,,,,,,,,,,,,,,,,,,,,,,
DL-vr-16,1992-05-11,,,Red-ruffed Lemur,Female,Mixed,Mixed,Chow,Eosinophils-Abs,3,,,,,,,,,0,,,0,,0,,,,,,,,,,,,,,,,,,,,,,,,,,,,,,,,,,,,,,,,,,,,,,,,,,,,,,,,,
DL-vr-17,1992-05-11,2018-11-08,26.49,Red-ruffed Lemur,Female,Mixed,Mixed,Chow,Eosinophils-Abs,5,,,160,,,,,,0,,55,284,,0,,,,,,,,,,,,,,,,,,,,,,,,,,,,,,,,,,,,,,,,,,,,,,,,,,,,,,,,,
DL-vr-18,1995-04-29,2019-06-08,24.11,Red-ruffed Lemur,Female,Mixed,Mixed,Chow,Eosinophils-Abs,7,,,,0,,0,,116,,0,,93,0,,340,,,,,,,,,,,,,,,,,,,,,,,,,,,,,,,,,,,,,,,,,,,,,,,,,,,,,,,,
DL-vr-19,1996-05-17,2017-10-26,21.44,Red-ruffed Lemur,Female,Mixed,Mixed,Chow,Eosinophils-Abs,1,,,,69,,,,,,,,,,,,,,,,,,,,,,,,,,,,,,,,,,,,,,,,,,,,,,,,,,,,,,,,,,,,,,,,,,,
DL-vr-2,1985-05-03,2018-06-14,33.11,Red-ruffed Lemur,Female,Mixed,Mixed,Chow,Eosinophils-Abs,1,,,,,,,,80,,,,,,,,,,,,,,,,,,,,,,,,,,,,,,,,,,,,,,,,,,,,,,,,,,,,,,,,,,,,,,,
DL-vr-21,2002-05-26,,,Red-ruffed Lemur,Female,Mixed,Mixed,Chow,Eosinophils-Abs,5,0,0,,,0,0,,,,,,,,,,,,,,,,,,,,,,,,,,,,,,,,,,,,,,,,,,,,,,,,,,,,,,,,,,,,,,,,,
DL-vr-22,2004-05-11,,,Red-ruffed Lemur,Female,Mixed,Mixed,Chow,Eosinophils-Abs,3,,0,,0,,90,,,,,,,,,,,,,,,,,,,,,,,,,,,,,,,,,,,,,,,,,,,,,,,,,,,,,,,,,,,,,,,,,
DL-vr-23,2004-05-11,,,Red-ruffed Lemur,Female,Mixed,Mixed,Chow,Eosinophils-Abs,3,0,,82,,86,,,,,,,,,,,,,,,,,,,,,,,,,,,,,,,,,,,,,,,,,,,,,,,,,,,,,,,,,,,,,,,,,,
DL-vr-25,2008-05-24,,,Red-ruffed Lemur,Female,Mixed,Mixed,Chow,Eosinophils-Abs,2,,0,,172,,,,,,,,,,,,,,,,,,,,,,,,,,,,,,,,,,,,,,,,,,,,,,,,,,,,,,,,,,,,,,,,,,,
DL-vr-26,1978-04-21,1996-10-06,18.46,Red-ruffed Lemur,Male,Mixed,Mixed,Chow,Eosinophils-Abs,2,,,,,,,,,,,,,860,,390,,,,,,,,,,,,,,,,,,,,,,,,,,,,,,,,,,,,,,,,,,,,,,,,,,,,,,,,
DL-vr-28,1983-04-16,2004-08-07,21.31,Red-ruffed Lemur,Male,Mixed,Mixed,Chow,Eosinophils-Abs,7,,,,,,,,,,125,,58,0,,,,,,132,,,,,,,,,,,,,,,,,,,,,,,,,,,,,,,,,,,,,,,,,,,,,,,,,,,,
DL-vr-3,1985-05-03,2010-11-21,25.55,Red-ruffed Lemur,Female,Mixed,Mixed,Chow,Eosinophils-Abs,1,,,,,,,,208,,,,,,,,,,,,,,,,,,,,,,,,,,,,,,,,,,,,,,,,,,,,,,,,,,,,,,,,,,,,,,,
DL-vr-30,1980-05-11,,,Red-ruffed Lemur,Male,Mixed,Mixed,Chow,Eosinophils-Abs,1,,,,,,,,,,,,,,,,,0,,,,,,,,,,,,,,,,,,,,,,,,,,,,,,,,,,,,,,,,,,,,,,,,,,,,,,
DL-vr-31,1985-04-25,2006-01-05,20.69,Red-ruffed Lemur,Male,Mixed,Mixed,Chow,Eosinophils-Abs,1,,,,,,,,,,,,260,,,,,,,,,,,,,,,,,,,,,,,,,,,,,,,,,,,,,,,,,,,,,,,,,,,,,,,,,,,
DL-vr-32,1987-04-20,2018-04-04,30.96,Red-ruffed Lemur,Male,Mixed,Mixed,Chow,Eosinophils-Abs,1,,,,,,136,,,,,,,,,,,,,,,,,,,,,,,,,,,,,,,,,,,,,,,,,,,,,,,,,,,,,,,,,,,,,,,,,
DL-vr-33,1987-04-20,2017-04-15,29.99,Red-ruffed Lemur,Male,Mixed,Mixed,Chow,Eosinophils-Abs,1,,,,,,180,,,,,,,,,,,,,,,,,,,,,,,,,,,,,,,,,,,,,,,,,,,,,,,,,,,,,,,,,,,,,,,,,
DL-vr-34,1988-04-30,,,Red-ruffed Lemur,Male,Mixed,Mixed,Chow,Eosinophils-Abs,11,,,,,,,,,,,,,0,,111,156,64,,0,,93,,111,,70,,,,203.9,327.6,,,,,,,,,,,,,,,,,,,,,,,,,,,,,,,,,,,,,,,,,
DL-vr-35,1988-04-30,2008-03-18,19.88,Red-ruffed Lemur,Male,Mixed,Mixed,Chow,Eosinophils-Abs,1,,,,,,,,,,,,0,,,,,,,,,,,,,,,,,,,,,,,,,,,,,,,,,,,,,,,,,,,,,,,,,,,,,,,,,,,
DL-vr-37,1989-04-22,2013-03-13,23.89,Red-ruffed Lemur,Male,Mixed,Mixed,Chow,Eosinophils-Abs,11,,,,,,0,0,,,,,,,168,312,,42,270,312,,402,,576,,,,,,,,,,,,,,,,,,,,,,,,,,,,,,,,,,,,,,,,,,,,,,,,
DL-vr-4,1985-05-03,2013-03-06,27.84,Red-ruffed Lemur,Female,Mixed,Mixed,Chow,Eosinophils-Abs,5,,,,,,,,798,,,15,,,,,0,168,,,,,,,,,,,,,,,,,,,,,,,,,,,,,,,,,,,,,,,,,,,,,,,,,,,,,,
DL-vr-41,1991-06-17,2014-01-06,22.55,Red-ruffed Lemur,Male,Mixed,Mixed,Chow,Eosinophils-Abs,2,,,,,46.5,,,,,,,,,,,,,,,,,,,,,,,,,,,,,,,,,,,,,,,,,,,,,,,,,,,,,,,,,,,,,,,,,,
DL-vr-44,1994-04-26,,,Red-ruffed Lemur,Male,Mixed,Mixed,Chow,Eosinophils-Abs,9,,,,,,,,,,,,,,69.5,45,,,60,,92.4,,162,119.1,,,20.4,,,,,,,,,,,,,,,,,,,,,,,,,,,,,,,,,,,,,,,,,,,,,
DL-vr-46,1994-05-02,,,Red-ruffed Lemur,Male,Mixed,Mixed,Chow,Eosinophils-Abs,1,,,57,,,,,,,,,,,,,,,,,,,,,,,,,,,,,,,,,,,,,,,,,,,,,,,,,,,,,,,,,,,,,,,,,,,,
DL-vr-47,1994-05-02,2000-03-21,5.89,Red-ruffed Lemur,Male,Mixed,Mixed,Chow,Eosinophils-Abs,1,,0,,,,,,,,,,,,,,,,,,,,,,,,,,,,,,,,,,,,,,,,,,,,,,,,,,,,,,,,,,,,,,,,,,,,,
DL-vr-48,1996-05-17,,,Red-ruffed Lemur,Male,Mixed,Mixed,Chow,Eosinophils-Abs,8,,,,0,,,,165,,,84,54,,416,,,,,110.4,164,,,30.8,,,,,,,,,,,,,,,,,,,,,,,,,,,,,,,,,,,,,,,,,,,,,,,,
DL-vr-49,1999-05-17,,,Red-ruffed Lemur,Male,Mixed,Mixed,Chow,Eosinophils-Abs,1,0,,,,,,,,,,,,,,,,,,,,,,,,,,,,,,,,,,,,,,,,,,,,,,,,,,,,,,,,,,,,,,,,,,,,,,
DL-vr-5,1989-04-22,2018-08-06,29.29,Red-ruffed Lemur,Female,Mixed,Mixed,Chow,Eosinophils-Abs,10,,,,54,,,,,,,,,275,707,180,,,228,52,,,420,,308,,224.2,,,,,,,,,,,,,,,,,,,,,,,,,,,,,,,,,,,,,,,,,,,,,
DL-vr-50,1999-05-17,2017-12-22,18.60,Red-ruffed Lemur,Male,Mixed,Mixed,Chow,Eosinophils-Abs,1,0,,,,,,,,,,,,,,,,,,,,,,,,,,,,,,,,,,,,,,,,,,,,,,,,,,,,,,,,,,,,,,,,,,,,,,
DL-vr-51,2008-05-24,,,Red-ruffed Lemur,Male,Mixed,Mixed,Chow,Eosinophils-Abs,3,,150,,142,,,,121,,,,,,,,,,,,,,,,,,,,,,,,,,,,,,,,,,,,,,,,,,,,,,,,,,,,,,,,,,,,,,,
DL-vr-52,2007-07-02,,,Red-ruffed Lemur,Male,Mixed,Mixed,Chow,Eosinophils-Abs,4,0,,132,,,0,204,,,,,,,,,,,,,,,,,,,,,,,,,,,,,,,,,,,,,,,,,,,,,,,,,,,,,,,,,,,,,,,,
DL-vr-53,2007-07-02,,,Red-ruffed Lemur,Male,Mixed,Mixed,Chow,Eosinophils-Abs,4,0,,63,,,52,172,,,,,,,,,,,,,,,,,,,,,,,,,,,,,,,,,,,,,,,,,,,,,,,,,,,,,,,,,,,,,,,,
DL-vr-55,2009-04-29,,,Red-ruffed Lemur,Female,Mixed,Mixed,Chow,Eosinophils-Abs,3,,444,309,,152,,,,,,,,,,,,,,,,,,,,,,,,,,,,,,,,,,,,,,,,,,,,,,,,,,,,,,,,,,,,,,,,,,
DL-vr-57,2009-04-29,,,Red-ruffed Lemur,Female,Mixed,Mixed,Chow,Eosinophils-Abs,3,,200,212,,292.3,,,,,,,,,,,,,,,,,,,,,,,,,,,,,,,,,,,,,,,,,,,,,,,,,,,,,,,,,,,,,,,,,,
DL-vr-7,1990-04-28,2011-12-23,21.65,Red-ruffed Lemur,Female,Mixed,Mixed,Chow,Eosinophils-Abs,4,,,,,,,678,,,,,,,,,0,,70,620,,,,,,,,,,,,,,,,,,,,,,,,,,,,,,,,,,,,,,,,,,,,,,,,,,,,
DL-vr-8,1990-04-28,2010-02-15,19.80,Red-ruffed Lemur,Female,Mixed,Mixed,Chow,Eosinophils-Abs,8,,,1096,,,,,,,,86,,96,142,,119,,,202,660,,,,,,,,,,,,,,,,,,,,,,,,,,,,,,,,,,,,,,,,,,,,,,,,,,,
DL-vr-84,1988-04-30,2004-02-15,15.79,Red-ruffed Lemur,Female,Mixed,Mixed,Chow,Eosinophils-Abs,2,,,824,,,280,,,,,,,,,,,,,,,,,,,,,,,,,,,,,,,,,,,,,,,,,,,,,,,,,,,,,,,,,,,,,,,,,
DL-vr-87,1989-04-29,2013-06-06,24.10,Red-ruffed Lemur,Female,Mixed,Mixed,Chow,Eosinophils-Abs,1,,,,0,,,,,,,,,,,,,,,,,,,,,,,,,,,,,,,,,,,,,,,,,,,,,,,,,,,,,,,,,,,,,,,,,,,
DL-vv-1,1976-05-18,2008-07-19,32.17,Black and White Ruffed Lemur,Female,Mixed,Mixed,Chow,Eosinophils-Abs,10,,,,,,,,,,,,,,,,,,51,,,,,0,,,77,64,284,,,264,,96,,,,,,,,,,,,,,,,,,,,,,,,,,,,,,,,,,,,,,
DL-vv-10,2005-04-17,,,Black and White Ruffed Lemur,Female,Mixed,Mixed,Chow,Eosinophils-Abs,1,,,,0,,,,,,,,,,,,,,,,,,,,,,,,,,,,,,,,,,,,,,,,,,,,,,,,,,,,,,,,,,,,,,,,,,,
DL-vv-11,1997-04-06,2014-05-28,17.14,Black and White Ruffed Lemur,Female,Mixed,Mixed,Chow,Eosinophils-Abs,1,,,,,,,,,,,,321,,,,,,,,,,,,,,,,,,,,,,,,,,,,,,,,,,,,,,,,,,,,,,,,,,,,,,,,,,,
DL-vv-12,1978-04-11,2006-04-20,28.02,Black and White Ruffed Lemur,Male,Mixed,Mixed,Chow,Eosinophils-Abs,2,,,,,,,,,,,,,,,,,,,,,,,,0,84,,,,,,,,,,,,,,,,,,,,,,,,,,,,,,,,,,,,,,,,,,,,,,
DL-vv-13,1981-04-15,2013-05-12,32.07,Black and White Ruffed Lemur,Male,Mixed,Mixed,Chow,Eosinophils-Abs,8,,,,,,,,,,,,,,,,,,0,,,,36,126,156,,74,420,,116,,,,,,,,,,,,,,,,,,,,,,,,,,,,,,,,,,,,,,,,,,
DL-vv-14,1984-05-08,2001-03-20,16.87,Black and White Ruffed Lemur,Male,Mixed,Mixed,Chow,Eosinophils-Abs,1,,,,,,,,,,,,74,,,,,,,,,,,,,,,,,,,,,,,,,,,,,,,,,,,,,,,,,,,,,,,,,,,,,,,,,,,
DL-vv-16,1985-05-03,2014-07-20,29.21,Black and White Ruffed Lemur,Male,Mixed,Mixed,Chow,Eosinophils-Abs,4,,,,,,,,,,,,0,,,,,182,97.5,,,,,,,,,,,,,,,,,,,,,,,,,,,,,,,,,,,,,,,,,,,,,,,,,,,,,
DL-vv-19,1988-05-20,2000-04-28,11.94,Black and White Ruffed Lemur,Male,Mixed,Mixed,Chow,Eosinophils-Abs,1,,,,,,,,,,,,0,,,,,,,,,,,,,,,,,,,,,,,,,,,,,,,,,,,,,,,,,,,,,,,,,,,,,,,,,,,
DL-vv-21,1999-05-07,,,Black and White Ruffed Lemur,Male,Mixed,Mixed,Chow,Eosinophils-Abs,2,0,78,,,,,,,,,,,,,,,,,,,,,,,,,,,,,,,,,,,,,,,,,,,,,,,,,,,,,,,,,,,,,,,,,,,,,
DL-vv-22,2000-05-13,,,Black and White Ruffed Lemur,Male,Mixed,Mixed,Chow,Eosinophils-Abs,1,0,,,,,,,,,,,,,,,,,,,,,,,,,,,,,,,,,,,,,,,,,,,,,,,,,,,,,,,,,,,,,,,,,,,,,,
DL-vv-23,2000-05-13,,,Black and White Ruffed Lemur,Male,Mixed,Mixed,Chow,Eosinophils-Abs,1,0,,,,,,,,,,,,,,,,,,,,,,,,,,,,,,,,,,,,,,,,,,,,,,,,,,,,,,,,,,,,,,,,,,,,,,
DL-vv-24,2005-04-17,,,Black and White Ruffed Lemur,Male,Mixed,Mixed,Chow,Eosinophils-Abs,4,,,,,,581,,11.4,,9.8,,,,,,,,,,,,,,,,,,,,,,,,,,,,,,,,,,,,,,,,,,,,,,,,,,,,,,,,,,,,,
DL-vv-25,2009-05-22,,,Black and White Ruffed Lemur,Male,Mixed,Mixed,Chow,Eosinophils-Abs,3,,0,,88,,,0,,,,,,,,,,,,,,,,,,,,,,,,,,,,,,,,,,,,,,,,,,,,,,,,,,,,,,,,,,,,,,,,
DL-vv-26,2009-05-22,,,Black and White Ruffed Lemur,Male,Mixed,Mixed,Chow,Eosinophils-Abs,3,,150,,82.5,,83,,,,,,,,,,,,,,,,,,,,,,,,,,,,,,,,,,,,,,,,,,,,,,,,,,,,,,,,,,,,,,,,,
DL-vv-27,1978-04-27,2004-06-20,26.15,Black and White Ruffed Lemur,Male,Mixed,Mixed,Chow,Eosinophils-Abs,2,,,,,,,,,,,,,,,,320,219,,,,,,,,,,,,,,,,,,,,,,,,,,,,,,,,,,,,,,,,,,,,,,,,,,,,,,
DL-vv-3,1984-04-13,2008-09-27,24.46,Black and White Ruffed Lemur,Female,Mixed,Mixed,Chow,Eosinophils-Abs,2,,,,,,,,,,152,,,,,,,0,,,,,,,,,,,,,,,,,,,,,,,,,,,,,,,,,,,,,,,,,,,,,,,,,,,,,,
DL-vv-32,1984-04-18,2018-01-31,33.79,Black and White Ruffed Lemur,Male,Mixed,Mixed,Chow,Eosinophils-Abs,1,,,,,,,,,,,549,,,,,,,,,,,,,,,,,,,,,,,,,,,,,,,,,,,,,,,,,,,,,,,,,,,,,,,,,,,,
DL-vv-4,1991-04-03,,,Black and White Ruffed Lemur,Female,Mixed,Mixed,Chow,Eosinophils-Abs,1,,,,,,,164,,,,,,,,,,,,,,,,,,,,,,,,,,,,,,,,,,,,,,,,,,,,,,,,,,,,,,,,,,,,,,,,
DL-vv-5,1991-04-03,2014-08-27,23.40,Black and White Ruffed Lemur,Female,Mixed,Mixed,Chow,Eosinophils-Abs,8,,,0,,,,,,,0,,,656,,,0,558,,498,,492,584,,,,,,,,,,,,,,,,,,,,,,,,,,,,,,,,,,,,,,,,,,,,,,,,,